"+ve Indicators","Total Indicators","Score (%)","Ticker","Index Source","Stock Price ($)","1W Trend","1W Slope %","1W Std %","1W Slope","1W Std","2W Slope","2W Std","4W Slope","4W Std","6W Slope","6W Std","3M Slope","3M Std","6M Slope","6M Std","1. Trend","2. Sup/Res","3. Volume","4. RSI","5. MACD","6. ATR","7. RS vs SPY","8. Spread","9. Opt Vol/OI","10. IV Level","11. Delta","12. Theta","13. Earnings","14. Exp Move"
"11","14","78.6%","META","Nasdaq 100 / S&P 500","616.77","+4.19","+1.96%","0.47%","+12.1000","2.89","+5.4809","7.83","+0.6927","20.28","+0.0226","19.82","-0.1499","33.09","-0.3431","34.62","FALSE (Price $616.77 (20EMA: $583.58, 50SMA: $595.49))","TRUE (Breakout Zone ($619.46))","FALSE (1.00x 20d Avg Vol)","TRUE (RSI 69.9 (Bullish))","TRUE (MACD +6.87 (Crossed Above))","TRUE (ATR $18.70 (3.0%))","TRUE (+4.2% vs SPY (+-0.4%))","FALSE (Spread $1.50 (10.0%))","TRUE (Active Liquid Chain ($15.02))","TRUE (IV 35.9% (IV/HV 0.87))","TRUE (Delta 0.50 (Balanced))","TRUE (Theta -$0.66/d (4.4%))","TRUE (Calendar Clear (>7d))","TRUE (BE +$18.25 <= Exp Move +$43.38)"
"12","14","85.7%","MDT","S&P 500","94.17","+3.38","+0.86%","0.25%","+0.8100","0.24","+0.1914","1.05","+0.1063","1.14","+0.2821","1.52","+0.2585","1.76","+0.0448","4.93","TRUE (P ($94.17) > 20EMA ($91.05) > 50SMA ($86.74))","TRUE (Breakout Zone ($95.41))","TRUE (1.13x Avg Vol (Up Day))","TRUE (RSI 60.6 (Bullish))","FALSE (MACD -0.13)","TRUE (ATR $2.31 (2.4%))","TRUE (+8.0% vs SPY (+-0.4%))","TRUE (Spread $0.15 (10.0%))","TRUE (Active Liquid Chain ($1.50))","TRUE (IV 27.2% (IV/HV 1.24))","TRUE (Delta 0.46 (Balanced))","FALSE (Theta -$0.08/d (5.1%))","TRUE (Calendar Clear (>7d))","TRUE (BE +$2.33 <= Exp Move +$5.02)"
"9","14","64.3%","AEP","Nasdaq 100","124.50","+2.27","+0.47%","0.21%","+0.5890","0.26","+0.2314","0.55","-0.0884","1.51","-0.2188","1.84","-0.1608","3.59","-0.0372","3.66","FALSE (Price $124.50 (20EMA: $124.44, 50SMA: $128.68))","FALSE (Headroom: $4.12 (2.0x ATR))","FALSE (1.00x 20d Avg Vol)","FALSE (RSI 41.3)","TRUE (MACD +0.37 (Crossed Above))","TRUE (ATR $2.09 (1.7%))","TRUE (-0.2% vs SPY (-0.4%))","TRUE (Spread $0.16 (10.0%))","TRUE (Active Liquid Chain ($1.62))","TRUE (IV 21.7% (IV/HV 1.24))","TRUE (Delta 0.49 (Balanced))","FALSE (Theta -$0.08/d (5.2%))","TRUE (Calendar Clear (>7d))","TRUE (BE +$2.12 <= Exp Move +$5.30)"
"9","14","64.3%","C","S&P 500","137.72","+2.14","+1.29%","0.60%","+1.7800","0.83","+0.5481","1.51","-0.1483","2.73","+0.0550","2.97","-0.1123","3.96","+0.2128","6.64","FALSE (Price $137.72 (20EMA: $134.46, 50SMA: $134.94))","FALSE (Headroom: $3.16 (1.1x ATR))","FALSE (0.69x 20d Avg Vol)","FALSE (RSI 48.2)","TRUE (MACD +0.44 (Crossed Above))","TRUE (ATR $2.79 (2.0%))","TRUE (+2.0% vs SPY (+-0.4%))","TRUE (Spread $0.18 (10.0%))","TRUE (Active Liquid Chain ($1.84))","TRUE (IV 27.7% (IV/HV 1.01))","TRUE (Delta 0.41 (Balanced))","FALSE (Theta -$0.11/d (6.0%))","TRUE (Calendar Clear (>7d))","TRUE (BE +$4.12 <= Exp Move +$7.48)"
"8","14","57.1%","GEV","S&P 500","941.95","+2.12","+1.38%","0.65%","+13.0150","6.15","-1.3978","19.35","-7.3877","31.58","-2.5139","42.87","-1.4397","65.25","+0.6897","81.30","FALSE (Price $941.95 (20EMA: $958.41, 50SMA: $1015.40))","TRUE (Headroom: $157.71 (3.9x ATR))","FALSE (0.61x 20d Avg Vol)","FALSE (RSI 25.4)","FALSE (MACD -1.88)","TRUE (ATR $40.10 (4.3%))","FALSE (-4.9% vs SPY (-0.4%))","FALSE (Spread $3.35 (10.0%))","TRUE (Active Liquid Chain ($33.50))","TRUE (IV 49.3% (IV/HV 1.04))","TRUE (Delta 0.54 (Balanced))","TRUE (Theta -$1.35/d (4.0%))","TRUE (Calendar Clear (>7d))","TRUE (BE +$31.55 <= Exp Move +$90.95)"
"9","14","64.3%","BAC","S&P 500","62.68","+2.10","+0.50%","0.24%","+0.3154","0.15","+0.0858","0.45","-0.1190","0.76","-0.0059","0.95","+0.1356","1.34","+0.1443","1.82","TRUE (P ($62.68) > 20EMA ($62.19) > 50SMA ($61.31))","TRUE (Headroom: $2.22 (2.1x ATR))","FALSE (0.91x 20d Avg Vol)","FALSE (RSI 44.1)","FALSE (MACD -0.11)","TRUE (ATR $1.08 (1.7%))","TRUE (-0.3% vs SPY (-0.4%))","TRUE (Spread $0.03 (10.0%))","TRUE (Active Liquid Chain ($0.26))","TRUE (IV 21.1% (IV/HV 1.26))","FALSE (Delta 0.21)","FALSE (Theta -$0.03/d (10.9%))","TRUE (Calendar Clear (>7d))","TRUE (BE +$2.58 <= Exp Move +$2.59)"
"13","14","92.9%","WFC","S&P 500","89.97","+2.02","+1.03%","0.51%","+0.9310","0.46","+0.6313","0.58","+0.0124","1.84","+0.0274","1.70","+0.0805","1.59","+0.0982","2.87","TRUE (P ($89.97) > 20EMA ($87.02) > 50SMA ($86.36))","TRUE (Breakout Zone ($90.34))","FALSE (0.65x 20d Avg Vol)","TRUE (RSI 60.7 (Bullish))","TRUE (MACD +0.41 (Crossed Above))","TRUE (ATR $1.73 (1.9%))","TRUE (+3.1% vs SPY (+-0.4%))","TRUE (Spread $0.17 (10.0%))","TRUE (Active Liquid Chain ($1.65))","TRUE (IV 26.8% (IV/HV 1.23))","TRUE (Delta 0.52 (Balanced))","TRUE (Theta -$0.07/d (4.4%))","TRUE (Calendar Clear (>7d))","TRUE (BE +$1.68 <= Exp Move +$4.72)"
"11","14","78.6%","BNY","S&P 500","164.84","+1.56","+0.66%","0.42%","+1.0940","0.70","+0.1058","1.23","+0.0941","1.94","+0.2694","2.05","+0.3889","3.03","+0.4149","3.29","TRUE (P ($164.84) > 20EMA ($161.40) > 50SMA ($157.14))","TRUE (Breakout Zone ($165.84))","FALSE (0.96x 20d Avg Vol)","TRUE (RSI 51.3 (Bullish))","FALSE (MACD -0.09)","TRUE (ATR $2.92 (1.8%))","TRUE (+4.6% vs SPY (+-0.4%))","FALSE (Spread $0.27 (10.0%))","TRUE (Active Liquid Chain ($2.67))","TRUE (IV 24.0% (IV/HV 1.29))","TRUE (Delta 0.52 (Balanced))","TRUE (Theta -$0.12/d (4.6%))","TRUE (Calendar Clear (>7d))","TRUE (BE +$2.83 <= Exp Move +$7.75)"
"13","14","92.9%","CEG","Nasdaq 100","298.96","+1.52","+1.78%","1.17%","+5.3120","3.50","+1.9424","4.75","+0.7056","5.61","+0.8386","5.42","+0.5092","9.60","-0.3014","16.92","TRUE (P ($298.96) > 20EMA ($278.82) > 50SMA ($266.13))","TRUE (Breakout Zone ($299.73))","TRUE (1.18x Avg Vol (Up Day))","TRUE (RSI 64.9 (Bullish))","TRUE (MACD +1.51 (Crossed Above))","TRUE (ATR $9.61 (3.2%))","TRUE (+10.9% vs SPY (+-0.4%))","FALSE (Spread $0.93 (10.0%))","TRUE (Active Liquid Chain ($9.31))","TRUE (IV 48.4% (IV/HV 1.37))","TRUE (Delta 0.51 (Balanced))","TRUE (Theta -$0.42/d (4.5%))","TRUE (Calendar Clear (>7d))","TRUE (BE +$10.35 <= Exp Move +$28.34)"
"13","14","92.9%","NVDA","Nasdaq 100 / S&P 500","230.36","+1.42","+1.31%","0.92%","+3.0170","2.12","+2.1217","4.37","+0.1634","5.91","+0.8089","7.84","+0.3679","7.58","+0.2855","11.75","TRUE (P ($230.36) > 20EMA ($219.30) > 50SMA ($210.57))","FALSE (Headroom: $4.40 (0.6x ATR))","TRUE (1.05x Avg Vol (Up Day))","TRUE (RSI 53.7 (Bullish))","TRUE (MACD +0.84 (Crossed Above))","TRUE (ATR $7.62 (3.3%))","TRUE (+2.9% vs SPY (+-0.4%))","TRUE (Spread $0.59 (10.0%))","TRUE (Active Liquid Chain ($5.90))","TRUE (IV 34.2% (IV/HV 0.76))","TRUE (Delta 0.53 (Balanced))","TRUE (Theta -$0.23/d (4.0%))","TRUE (Calendar Clear (>7d))","TRUE (BE +$5.54 <= Exp Move +$15.41)"
"8","14","57.1%","USB","S&P 500","63.37","+1.37","+0.93%","0.68%","+0.5900","0.43","+0.0714","0.64","-0.1445","0.96","-0.0584","0.98","+0.0980","1.74","+0.1205","1.94","FALSE (Price $63.37 (20EMA: $62.93, 50SMA: $63.03))","TRUE (Headroom: $2.71 (2.4x ATR))","FALSE (0.85x 20d Avg Vol)","FALSE (RSI 41.0)","FALSE (MACD -0.05)","TRUE (ATR $1.14 (1.8%))","FALSE (-0.9% vs SPY (-0.4%))","TRUE (Spread $0.04 (10.0%))","TRUE (Active Liquid Chain ($0.41))","TRUE (IV 22.5% (IV/HV 1.23))","TRUE (Delta 0.30 (Balanced))","FALSE (Theta -$0.04/d (9.1%))","TRUE (Calendar Clear (>7d))","TRUE (BE +$2.04 <= Exp Move +$2.79)"
"9","14","64.3%","INTC","Dow 30 / Nasdaq 100 / S&P 500","95.80","+1.27","+1.59%","1.25%","+1.5280","1.20","+0.6419","1.59","-0.6334","4.03","-0.1009","5.77","-0.6552","9.53","+0.4155","22.58","FALSE (Price $95.80 (20EMA: $93.27, 50SMA: $100.61))","TRUE (Headroom: $11.77 (2.8x ATR))","FALSE (1.00x 20d Avg Vol)","FALSE (RSI 37.6)","TRUE (MACD +0.62 (Crossed Above))","TRUE (ATR $4.25 (4.4%))","FALSE (-5.8% vs SPY (-0.4%))","FALSE (Spread $0.49 (10.0%))","TRUE (Active Liquid Chain ($4.90))","TRUE (IV 62.2% (IV/HV 0.98))","TRUE (Delta 0.56 (Balanced))","TRUE (Theta -$0.17/d (3.5%))","TRUE (Calendar Clear (>7d))","TRUE (BE +$4.10 <= Exp Move +$11.67)"
"9","14","64.3%","ALNY","Nasdaq 100","266.11","+1.25","+2.60%","2.08%","+6.9230","5.53","+3.7338","6.45","+2.1676","6.36","+0.3964","21.46","-1.2652","22.31","-0.7544","18.51","FALSE (Price $266.11 (20EMA: $245.64, 50SMA: $258.83))","FALSE (Headroom: $5.08 (0.5x ATR))","FALSE (0.84x 20d Avg Vol)","FALSE (RSI 75.5)","TRUE (MACD +5.72 (Crossed Above))","TRUE (ATR $11.13 (4.2%))","TRUE (+21.4% vs SPY (+-0.4%))","TRUE (Spread $0.75 (10.0%))","TRUE (Active Liquid Chain ($7.53))","TRUE (IV 53.7% (IV/HV 0.49))","TRUE (Delta 0.47 (Balanced))","FALSE (Theta -$0.41/d (5.5%))","TRUE (Calendar Clear (>7d))","TRUE (BE +$11.42 <= Exp Move +$27.99)"
"8","14","57.1%","BA","Dow 30 / S&P 500","212.25","+1.21","+0.65%","0.54%","+1.3790","1.14","-0.1134","1.87","-1.5029","3.83","-0.7054","8.40","-0.0639","8.72","+0.0543","10.46","FALSE (Price $212.25 (20EMA: $214.99, 50SMA: $219.41))","TRUE (Headroom: $24.86 (6.2x ATR))","FALSE (0.94x 20d Avg Vol)","FALSE (RSI 27.3)","FALSE (MACD -0.77)","TRUE (ATR $4.03 (1.9%))","FALSE (-9.5% vs SPY (-0.4%))","FALSE (Spread $0.58 (10.0%))","TRUE (Active Liquid Chain ($5.80))","TRUE (IV 31.4% (IV/HV 0.85))","TRUE (Delta 0.59 (Balanced))","TRUE (Theta -$0.20/d (3.4%))","TRUE (Calendar Clear (>7d))","TRUE (BE +$3.55 <= Exp Move +$13.06)"
"12","14","85.7%","GILD","Nasdaq 100 / S&P 500","151.00","+1.18","+0.70%","0.60%","+1.0620","0.90","+0.4056","1.39","+0.8785","2.17","+0.8054","2.39","+0.4094","3.61","+0.0126","6.87","TRUE (P ($151.00) > 20EMA ($144.85) > 50SMA ($136.60))","TRUE (Breakout Zone ($152.55))","FALSE (1.15x 20d Avg Vol)","TRUE (RSI 70.7 (Bullish))","TRUE (MACD +0.28 (Crossed Above))","TRUE (ATR $3.70 (2.4%))","TRUE (+13.4% vs SPY (+-0.4%))","FALSE (Spread $0.30 (10.0%))","TRUE (Active Liquid Chain ($3.00))","TRUE (IV 26.3% (IV/HV 1.02))","TRUE (Delta 0.58 (Balanced))","TRUE (Theta -$0.12/d (4.0%))","TRUE (Calendar Clear (>7d))","TRUE (BE +$2.00 <= Exp Move +$7.77)"
"10","14","71.4%","JNJ","Dow 30 / S&P 500","275.23","+1.14","+0.94%","0.83%","+2.6000","2.28","+0.6601","3.49","+0.8347","3.39","+0.6299","4.50","+0.5896","6.44","+0.3325","10.33","TRUE (P ($275.23) > 20EMA ($268.11) > 50SMA ($260.72))","FALSE (Headroom: $5.84 (1.0x ATR))","FALSE (0.69x 20d Avg Vol)","TRUE (RSI 63.7 (Bullish))","TRUE (MACD +0.45 (Crossed Above))","TRUE (ATR $5.57 (2.0%))","TRUE (+6.7% vs SPY (+-0.4%))","FALSE (Spread $0.26 (10.0%))","TRUE (Active Liquid Chain ($2.62))","TRUE (IV 24.6% (IV/HV 1.15))","TRUE (Delta 0.38 (Balanced))","FALSE (Theta -$0.19/d (7.4%))","TRUE (Calendar Clear (>7d))","TRUE (BE +$7.39 <= Exp Move +$13.24)"
"11","14","78.6%","KDP","Nasdaq 100","32.59","+1.11","+0.75%","0.68%","+0.2450","0.22","+0.0582","0.32","+0.1631","0.53","+0.0723","0.74","+0.0021","1.00","+0.0519","1.18","TRUE (P ($32.59) > 20EMA ($31.76) > 50SMA ($31.29))","FALSE (Headroom: $0.58 (0.8x ATR))","FALSE (0.58x 20d Avg Vol)","TRUE (RSI 70.9 (Bullish))","TRUE (MACD +0.12 (Crossed Above))","TRUE (ATR $0.69 (2.1%))","TRUE (+8.6% vs SPY (+-0.4%))","TRUE (Spread $0.04 (10.0%))","TRUE (Active Liquid Chain ($0.42))","TRUE (IV 25.7% (IV/HV 0.91))","TRUE (Delta 0.43 (Balanced))","FALSE (Theta -$0.02/d (5.9%))","TRUE (Calendar Clear (>7d))","TRUE (BE +$0.83 <= Exp Move +$1.64)"
"11","14","78.6%","DE","S&P 500","693.53","+1.07","+1.38%","1.29%","+9.5570","8.94","+8.2076","15.48","+4.6808","19.90","+2.2744","22.60","+1.0924","21.76","+0.5527","24.28","TRUE (P ($693.53) > 20EMA ($645.17) > 50SMA ($618.75))","FALSE (Headroom: $12.35 (0.5x ATR))","FALSE (0.78x 20d Avg Vol)","TRUE (RSI 73.2 (Bullish))","TRUE (MACD +7.80 (Crossed Above))","TRUE (ATR $23.32 (3.4%))","TRUE (+11.7% vs SPY (+-0.4%))","FALSE (Spread $1.78 (10.0%))","TRUE (Active Liquid Chain ($17.79))","TRUE (IV 32.8% (IV/HV 0.86))","TRUE (Delta 0.56 (Balanced))","TRUE (Theta -$0.68/d (3.8%))","TRUE (Calendar Clear (>7d))","TRUE (BE +$14.26 <= Exp Move +$44.54)"
"9","14","64.3%","INSM","Nasdaq 100","126.29","+1.07","+1.12%","1.05%","+1.4110","1.32","+0.3343","2.36","-0.4538","3.06","+0.8000","9.75","+0.5145","7.65","-0.2939","16.27","TRUE (P ($126.29) > 20EMA ($122.85) > 50SMA ($115.69))","TRUE (Headroom: $9.21 (2.4x ATR))","FALSE (0.95x 20d Avg Vol)","FALSE (RSI 46.1)","FALSE (MACD -0.53)","TRUE (ATR $3.90 (3.1%))","FALSE (-3.7% vs SPY (-0.4%))","FALSE (Spread $0.41 (10.0%))","TRUE (Active Liquid Chain ($4.10))","TRUE (IV 54.2% (IV/HV 0.59))","TRUE (Delta 0.57 (Balanced))","TRUE (Theta -$0.20/d (4.8%))","TRUE (Calendar Clear (>7d))","TRUE (BE +$2.81 <= Exp Move +$13.42)"
"9","14","64.3%","ROST","Nasdaq 100","230.69","+1.07","+0.29%","0.27%","+0.6730","0.63","-1.1704","3.35","-1.1358","4.54","-0.9414","4.93","+0.2616","11.43","+0.2317","9.16","FALSE (Price $230.69 (20EMA: $235.42, 50SMA: $234.51))","TRUE (Headroom: $25.76 (4.1x ATR))","FALSE (0.49x 20d Avg Vol)","FALSE (RSI 44.0)","FALSE (MACD -1.14)","TRUE (ATR $6.23 (2.7%))","FALSE (-9.6% vs SPY (-0.4%))","TRUE (Spread $0.53 (10.0%))","TRUE (Active Liquid Chain ($5.32))","TRUE (IV 30.3% (IV/HV 1.17))","TRUE (Delta 0.54 (Balanced))","TRUE (Theta -$0.21/d (3.9%))","TRUE (Calendar Clear (>7d))","TRUE (BE +$4.63 <= Exp Move +$13.67)"
"9","14","64.3%","WMT","Dow 30 / Nasdaq 100 / S&P 500","107.14","+1.04","+0.66%","0.63%","+0.7040","0.68","+0.2881","1.47","-0.5882","3.30","-0.3068","3.18","-0.2007","2.98","-0.1755","4.66","FALSE (Price $107.14 (20EMA: $107.86, 50SMA: $110.67))","TRUE (Headroom: $9.45 (3.4x ATR))","FALSE (0.74x 20d Avg Vol)","FALSE (RSI 36.7)","TRUE (MACD +0.15 (Crossed Above))","TRUE (ATR $2.82 (2.6%))","FALSE (-4.0% vs SPY (-0.4%))","FALSE (Spread $0.32 (10.0%))","TRUE (Active Liquid Chain ($3.15))","TRUE (IV 25.1% (IV/HV 0.72))","TRUE (Delta 0.68 (Balanced))","TRUE (Theta -$0.08/d (2.4%))","TRUE (Calendar Clear (>7d))","TRUE (BE +$1.01 <= Exp Move +$5.26)"
"8","14","57.1%","NEE","S&P 500","83.43","+1.03","+0.40%","0.38%","+0.3310","0.32","+0.0072","0.62","-0.1432","0.79","-0.1667","0.91","-0.0450","1.71","-0.0682","2.39","FALSE (Price $83.43 (20EMA: $84.00, 50SMA: $85.98))","TRUE (Headroom: $3.44 (2.7x ATR))","FALSE (1.04x 20d Avg Vol)","FALSE (RSI 36.1)","TRUE (MACD +0.07 (Crossed Above))","TRUE (ATR $1.26 (1.5%))","FALSE (-0.7% vs SPY (-0.4%))","TRUE (Spread $0.07 (10.0%))","TRUE (Active Liquid Chain ($0.66))","TRUE (IV 21.7% (IV/HV 1.70))","TRUE (Delta 0.35 (Balanced))","FALSE (Theta -$0.05/d (7.7%))","FALSE (Upcoming Catalyst / IV Spike)","TRUE (BE +$2.23 <= Exp Move +$3.54)"
"9","14","64.3%","COF","S&P 500","219.60","+1.00","+0.88%","0.88%","+1.9340","1.94","+0.2399","2.30","-0.2942","3.13","+0.1681","4.54","+0.5364","5.85","+0.3236","7.73","TRUE (P ($219.60) > 20EMA ($216.55) > 50SMA ($211.30))","FALSE (Headroom: $7.74 (1.6x ATR))","FALSE (0.65x 20d Avg Vol)","FALSE (RSI 47.2)","FALSE (MACD -0.49)","TRUE (ATR $4.91 (2.2%))","TRUE (+1.2% vs SPY (+-0.4%))","FALSE (Spread $0.46 (10.0%))","TRUE (Active Liquid Chain ($4.60))","TRUE (IV 31.4% (IV/HV 1.20))","TRUE (Delta 0.51 (Balanced))","TRUE (Theta -$0.21/d (4.5%))","TRUE (Calendar Clear (>7d))","TRUE (BE +$5.00 <= Exp Move +$13.51)"
"9","14","64.3%","PYPL","Nasdaq 100","54.96","+0.94","+1.68%","1.78%","+0.9259","0.98","-0.9752","2.70","-0.3278","2.71","-0.0519","2.74","+0.3547","3.81","+0.1181","4.77","FALSE (Price $54.96 (20EMA: $57.25, 50SMA: $54.89))","TRUE (Headroom: $7.62 (3.6x ATR))","FALSE (1.05x 20d Avg Vol)","FALSE (RSI 36.1)","FALSE (MACD -1.01)","TRUE (ATR $2.09 (3.8%))","FALSE (-6.7% vs SPY (-0.4%))","TRUE (Spread $0.15 (10.0%))","TRUE (Active Liquid Chain ($1.47))","TRUE (IV 36.7% (IV/HV 0.74))","TRUE (Delta 0.52 (Balanced))","TRUE (Theta -$0.06/d (4.1%))","TRUE (Calendar Clear (>7d))","TRUE (BE +$1.51 <= Exp Move +$3.95)"
"10","14","71.4%","MS","S&P 500","217.72","+0.85","+0.68%","0.80%","+1.4910","1.75","+0.0679","2.08","-0.1271","2.59","+0.1250","3.50","-0.0331","4.96","+0.5158","10.11","FALSE (Price $217.72 (20EMA: $214.69, 50SMA: $215.02))","FALSE (Headroom: $4.28 (0.9x ATR))","FALSE (0.83x 20d Avg Vol)","FALSE (RSI 49.3)","TRUE (MACD +0.18 (Crossed Above))","TRUE (ATR $4.70 (2.2%))","TRUE (+0.6% vs SPY (+-0.4%))","TRUE (Spread $0.39 (10.0%))","TRUE (Active Liquid Chain ($3.92))","TRUE (IV 30.1% (IV/HV 1.14))","TRUE (Delta 0.45 (Balanced))","TRUE (Theta -$0.19/d (5.0%))","TRUE (Calendar Clear (>7d))","TRUE (BE +$6.20 <= Exp Move +$12.83)"
"12","14","85.7%","ORCL","S&P 500","158.78","+0.78","+2.02%","2.59%","+3.2040","4.12","+0.9863","4.28","+0.0763","4.82","+0.8058","7.54","-0.5418","19.11","-0.2033","26.27","TRUE (P ($158.78) > 20EMA ($147.28) > 50SMA ($139.75))","TRUE (Breakout Zone ($159.70))","TRUE (1.16x Avg Vol (Up Day))","TRUE (RSI 61.5 (Bullish))","TRUE (MACD +0.91 (Crossed Above))","TRUE (ATR $6.22 (3.9%))","TRUE (+8.0% vs SPY (+-0.4%))","TRUE (Spread $1.00 (10.0%))","TRUE (Active Liquid Chain ($10.00))","FALSE (IV 88.4% (IV/HV 1.63))","TRUE (Delta 0.52 (Balanced))","TRUE (Theta -$0.40/d (4.0%))","FALSE (Upcoming Catalyst / IV Spike)","TRUE (BE +$11.22 <= Exp Move +$27.50)"
"11","14","78.6%","APP","Nasdaq 100","320.56","+0.74","+0.59%","0.79%","+1.8840","2.54","+1.6081","3.75","-0.1373","7.92","-3.9473","25.74","-4.1604","33.22","-0.9086","68.45","FALSE (Price $320.56 (20EMA: $326.80, 50SMA: $393.59))","TRUE (Headroom: $29.72 (2.3x ATR))","FALSE (0.72x 20d Avg Vol)","TRUE (RSI 56.1 (Bullish))","TRUE (MACD +6.44 (Crossed Above))","TRUE (ATR $12.95 (4.0%))","FALSE (-7.6% vs SPY (-0.4%))","TRUE (Spread $1.34 (10.0%))","TRUE (Active Liquid Chain ($13.40))","TRUE (IV 54.6% (IV/HV 0.71))","TRUE (Delta 0.54 (Balanced))","TRUE (Theta -$0.51/d (3.8%))","TRUE (Calendar Clear (>7d))","TRUE (BE +$12.84 <= Exp Move +$34.30)"
"12","14","85.7%","MU","Nasdaq 100 / S&P 500","1016.59","+0.73","+1.38%","1.89%","+14.0440","19.24","+7.5163","16.29","+2.9136","33.40","+5.1065","39.28","-2.1397","82.79","+5.5800","147.21","TRUE (P ($1016.59) > 20EMA ($944.38) > 50SMA ($938.26))","FALSE (Headroom: $19.54 (0.4x ATR))","TRUE (1.27x Avg Vol (Up Day))","TRUE (RSI 50.7 (Bullish))","TRUE (MACD +5.87 (Crossed Above))","TRUE (ATR $46.68 (4.6%))","TRUE (+15.8% vs SPY (+-0.4%))","FALSE (Spread $4.39 (10.0%))","TRUE (Active Liquid Chain ($43.91))","TRUE (IV 60.2% (IV/HV 0.72))","TRUE (Delta 0.52 (Balanced))","TRUE (Theta -$1.77/d (4.0%))","TRUE (Calendar Clear (>7d))","TRUE (BE +$47.32 <= Exp Move +$119.80)"
"8","14","57.1%","BRK-B","S&P 500","506.03","+0.72","+0.19%","0.27%","+0.9800","1.36","+0.2341","1.29","-0.4454","6.60","-0.4095","7.32","+0.3241","8.21","+0.2799","9.41","TRUE (P ($506.03) > 20EMA ($504.98) > 50SMA ($503.15))","TRUE (Headroom: $31.71 (6.2x ATR))","FALSE (0.78x 20d Avg Vol)","TRUE (RSI 61.5 (Bullish))","FALSE (MACD -0.02)","FALSE (ATR $5.08 (1.0%))","FALSE (-3.0% vs SPY (-0.4%))","FALSE (Spread $0.35 (10.0%))","TRUE (Active Liquid Chain ($3.50))","TRUE (IV 14.4% (IV/HV 0.90))","TRUE (Delta 0.42 (Balanced))","FALSE (Theta -$0.23/d (6.5%))","TRUE (Calendar Clear (>7d))","TRUE (BE +$7.47 <= Exp Move +$14.27)"
"10","14","71.4%","UNH","Dow 30 / S&P 500","397.14","+0.71","+0.51%","0.71%","+2.0100","2.82","+0.0565","3.46","-0.3100","5.47","-0.9722","6.39","-0.3341","11.15","+1.1812","29.02","FALSE (Price $397.14 (20EMA: $399.11, 50SMA: $411.74))","TRUE (Headroom: $15.93 (2.1x ATR))","FALSE (1.36x 20d Avg Vol)","TRUE (RSI 51.3 (Bullish))","TRUE (MACD +1.14 (Crossed Above))","TRUE (ATR $7.61 (1.9%))","FALSE (-2.4% vs SPY (-0.4%))","TRUE (Spread $0.55 (10.0%))","TRUE (Active Liquid Chain ($5.52))","TRUE (IV 27.3% (IV/HV 1.29))","TRUE (Delta 0.47 (Balanced))","FALSE (Theta -$0.33/d (5.9%))","TRUE (Calendar Clear (>7d))","TRUE (BE +$8.38 <= Exp Move +$21.26)"
"10","14","71.4%","EXC","Nasdaq 100","43.64","+0.68","+0.31%","0.46%","+0.1358","0.20","-0.0238","0.25","-0.0817","0.47","-0.0976","0.48","-0.0378","0.85","-0.0229","1.27","FALSE (Price $43.64 (20EMA: $44.18, 50SMA: $45.36))","TRUE (Headroom: $2.35 (2.9x ATR))","FALSE (1.31x 20d Avg Vol)","FALSE (RSI 33.2)","TRUE (MACD +0.01 (Crossed Above))","TRUE (ATR $0.80 (1.8%))","FALSE (-3.4% vs SPY (-0.4%))","TRUE (Spread $0.07 (10.0%))","TRUE (Active Liquid Chain ($0.69))","TRUE (IV 20.1% (IV/HV 1.16))","TRUE (Delta 0.44 (Balanced))","TRUE (Theta -$0.03/d (3.9%))","TRUE (Calendar Clear (>7d))","TRUE (BE +$1.05 <= Exp Move +$1.72)"
"9","14","64.3%","JPM","Dow 30 / S&P 500","358.64","+0.67","+0.34%","0.52%","+1.2350","1.85","+0.3456","1.82","-0.3112","3.38","+0.1049","4.26","+0.7604","6.40","+0.6695","8.90","TRUE (P ($358.64) > 20EMA ($356.50) > 50SMA ($349.63))","FALSE (Headroom: $7.86 (1.4x ATR))","FALSE (0.89x 20d Avg Vol)","FALSE (RSI 47.0)","FALSE (MACD -0.56)","TRUE (ATR $5.73 (1.6%))","TRUE (+0.3% vs SPY (+-0.4%))","FALSE (Spread $0.51 (10.0%))","TRUE (Active Liquid Chain ($5.05))","TRUE (IV 22.4% (IV/HV 1.29))","TRUE (Delta 0.49 (Balanced))","TRUE (Theta -$0.25/d (4.9%))","TRUE (Calendar Clear (>7d))","TRUE (BE +$6.41 <= Exp Move +$15.72)"
"11","14","78.6%","SNDK","Nasdaq 100","1740.00","+0.66","+2.10%","3.16%","+36.4720","55.01","+19.6915","47.49","+9.2375","119.15","+16.1374","120.03","-9.5945","242.04","+7.9494","333.94","FALSE (Price $1740.00 (20EMA: $1534.87, 50SMA: $1550.25))","FALSE (Headroom: $87.99 (0.8x ATR))","TRUE (1.24x Avg Vol (Up Day))","FALSE (RSI 46.7)","TRUE (MACD +19.44 (Crossed Above))","TRUE (ATR $109.83 (6.3%))","TRUE (+43.5% vs SPY (+-0.4%))","TRUE (Spread $10.13 (10.0%))","TRUE (Active Liquid Chain ($101.30))","TRUE (IV 77.8% (IV/HV 0.61))","TRUE (Delta 0.54 (Balanced))","TRUE (Theta -$3.87/d (3.8%))","TRUE (Calendar Clear (>7d))","TRUE (BE +$101.30 <= Exp Move +$265.02)"
"10","14","71.4%","MRK","Dow 30 / S&P 500","150.33","+0.66","+0.51%","0.77%","+0.7620","1.16","-0.2344","2.31","+1.1852","5.08","+1.0324","4.83","+0.5592","5.22","+0.2561","6.95","TRUE (P ($150.33) > 20EMA ($145.50) > 50SMA ($134.59))","FALSE (Headroom: $6.59 (1.3x ATR))","FALSE (0.40x 20d Avg Vol)","TRUE (RSI 65.1 (Bullish))","FALSE (MACD -0.21)","TRUE (ATR $4.88 (3.2%))","TRUE (+16.9% vs SPY (+-0.4%))","FALSE (Spread $0.31 (10.0%))","TRUE (Active Liquid Chain ($3.10))","TRUE (IV 29.0% (IV/HV 0.71))","TRUE (Delta 0.54 (Balanced))","TRUE (Theta -$0.13/d (4.3%))","TRUE (Calendar Clear (>7d))","TRUE (BE +$2.77 <= Exp Move +$8.55)"
"9","14","64.3%","CAT","Dow 30 / S&P 500","813.94","+0.65","+0.66%","1.02%","+5.3920","8.32","-1.9171","11.01","-3.5073","14.95","-1.6424","23.79","-3.0926","43.11","+1.1405","78.17","FALSE (Price $813.94 (20EMA: $820.76, 50SMA: $872.16))","TRUE (Headroom: $73.97 (3.0x ATR))","FALSE (0.88x 20d Avg Vol)","FALSE (RSI 31.6)","TRUE (MACD +0.68 (Crossed Above))","TRUE (ATR $24.61 (3.0%))","FALSE (-3.4% vs SPY (-0.4%))","FALSE (Spread $2.30 (10.0%))","TRUE (Active Liquid Chain ($23.00))","TRUE (IV 37.9% (IV/HV 0.95))","TRUE (Delta 0.55 (Balanced))","TRUE (Theta -$0.91/d (4.0%))","TRUE (Calendar Clear (>7d))","TRUE (BE +$19.06 <= Exp Move +$60.45)"
"9","14","64.3%","TRV","Dow 30","369.35","+0.64","+0.47%","0.73%","+1.7260","2.70","-0.1399","2.80","-0.1524","3.69","-0.7188","5.89","+1.2586","15.97","+0.8004","16.71","FALSE (Price $369.35 (20EMA: $368.78, 50SMA: $363.14))","TRUE (Headroom: $13.13 (2.1x ATR))","FALSE (0.75x 20d Avg Vol)","TRUE (RSI 55.3 (Bullish))","FALSE (MACD -0.73)","TRUE (ATR $6.23 (1.7%))","FALSE (-3.9% vs SPY (-0.4%))","FALSE (Spread $0.49 (10.0%))","TRUE (Active Liquid Chain ($4.85))","TRUE (IV 19.8% (IV/HV 0.96))","TRUE (Delta 0.51 (Balanced))","TRUE (Theta -$0.23/d (4.7%))","TRUE (Calendar Clear (>7d))","TRUE (BE +$5.50 <= Exp Move +$14.34)"
"12","14","85.7%","MELI","Nasdaq 100","1978.36","+0.62","+0.57%","0.92%","+11.1890","18.18","+3.5238","22.50","+9.2957","44.18","+4.8074","48.06","+5.8435","53.21","+1.6796","98.35","TRUE (P ($1978.36) > 20EMA ($1927.55) > 50SMA ($1857.67))","FALSE (Headroom: $87.64 (1.4x ATR))","FALSE (0.66x 20d Avg Vol)","TRUE (RSI 70.9 (Bullish))","TRUE (MACD +4.41 (Crossed Above))","TRUE (ATR $64.64 (3.3%))","TRUE (+8.7% vs SPY (+-0.4%))","TRUE (Spread $5.00 (10.0%))","TRUE (Active Liquid Chain ($50.00))","TRUE (IV 40.8% (IV/HV 0.99))","TRUE (Delta 0.52 (Balanced))","TRUE (Theta -$2.38/d (4.8%))","TRUE (Calendar Clear (>7d))","TRUE (BE +$51.64 <= Exp Move +$158.16)"
"9","14","64.3%","GS","Dow 30 / S&P 500","1038.61","+0.59","+0.68%","1.15%","+7.0790","11.92","-1.8588","14.00","-0.4447","13.71","+0.0615","16.66","-0.5652","29.90","+2.0920","49.45","FALSE (Price $1038.61 (20EMA: $1029.64, 50SMA: $1039.01))","FALSE (Headroom: $19.73 (0.8x ATR))","FALSE (0.79x 20d Avg Vol)","FALSE (RSI 48.1)","TRUE (MACD +0.68 (Crossed Above))","TRUE (ATR $24.80 (2.4%))","TRUE (+0.4% vs SPY (+-0.4%))","FALSE (Spread $2.58 (10.0%))","TRUE (Active Liquid Chain ($25.82))","TRUE (IV 33.8% (IV/HV 1.08))","TRUE (Delta 0.52 (Balanced))","TRUE (Theta -$1.05/d (4.1%))","TRUE (Calendar Clear (>7d))","TRUE (BE +$27.21 <= Exp Move +$68.73)"
"12","14","85.7%","MSTR","Nasdaq 100","142.80","+0.57","+2.78%","4.83%","+3.9660","6.90","+1.6699","6.35","+2.7368","6.73","+1.6575","8.41","+0.2118","14.58","-0.4603","24.46","TRUE (P ($142.80) > 20EMA ($120.49) > 50SMA ($103.50))","TRUE (Breakout Zone ($144.92))","FALSE (0.97x 20d Avg Vol)","TRUE (RSI 71.2 (Bullish))","TRUE (MACD +2.71 (Crossed Above))","TRUE (ATR $10.08 (7.1%))","TRUE (+42.8% vs SPY (+-0.4%))","FALSE (Spread $0.72 (10.0%))","TRUE (Active Liquid Chain ($7.20))","TRUE (IV 77.2% (IV/HV 0.86))","TRUE (Delta 0.49 (Balanced))","TRUE (Theta -$0.32/d (4.4%))","TRUE (Calendar Clear (>7d))","TRUE (BE +$9.40 <= Exp Move +$21.58)"
"11","14","78.6%","GM","S&P 500","87.76","+0.57","+0.55%","0.97%","+0.4823","0.85","+0.0582","0.80","-0.0304","1.29","-0.1013","1.25","+0.1642","3.42","+0.1064","3.04","TRUE (P ($87.76) > 20EMA ($85.98) > 50SMA ($83.15))","FALSE (Headroom: $1.79 (0.9x ATR))","TRUE (1.05x Avg Vol (Up Day))","TRUE (RSI 64.5 (Bullish))","FALSE (MACD -0.12)","TRUE (ATR $2.06 (2.3%))","TRUE (+0.4% vs SPY (+-0.4%))","TRUE (Spread $0.11 (10.0%))","TRUE (Active Liquid Chain ($1.13))","TRUE (IV 31.6% (IV/HV 1.11))","TRUE (Delta 0.36 (Balanced))","FALSE (Theta -$0.08/d (6.8%))","TRUE (Calendar Clear (>7d))","TRUE (BE +$3.37 <= Exp Move +$5.43)"
"10","14","71.4%","ARM","Nasdaq 100","252.09","+0.57","+1.12%","1.97%","+2.8130","4.96","-0.0746","6.83","-1.9448","8.80","-0.6066","16.23","-2.3904","29.01","+1.2625","66.33","FALSE (Price $252.09 (20EMA: $251.61, 50SMA: $273.58))","TRUE (Headroom: $38.12 (2.7x ATR))","TRUE (1.13x Avg Vol (Up Day))","FALSE (RSI 39.8)","TRUE (MACD +0.95 (Crossed Above))","TRUE (ATR $14.16 (5.6%))","FALSE (-10.8% vs SPY (-0.4%))","FALSE (Spread $1.34 (10.0%))","TRUE (Active Liquid Chain ($13.42))","TRUE (IV 66.0% (IV/HV 0.86))","TRUE (Delta 0.56 (Balanced))","TRUE (Theta -$0.48/d (3.6%))","TRUE (Calendar Clear (>7d))","TRUE (BE +$11.33 <= Exp Move +$32.61)"
"11","14","78.6%","KLAC","Nasdaq 100","185.60","+0.53","+1.20%","2.29%","+2.2350","4.25","-0.8067","4.81","-1.7398","6.37","-0.5289","10.12","-1.3104","17.54","+0.4482","27.99","FALSE (Price $185.60 (20EMA: $185.28, 50SMA: $205.59))","TRUE (Headroom: $28.96 (3.8x ATR))","TRUE (1.41x Avg Vol (Up Day))","FALSE (RSI 31.4)","TRUE (MACD +0.11 (Crossed Above))","TRUE (ATR $7.66 (4.1%))","FALSE (-6.2% vs SPY (-0.4%))","TRUE (Spread $0.89 (10.0%))","TRUE (Active Liquid Chain ($8.89))","TRUE (IV 60.6% (IV/HV 0.98))","TRUE (Delta 0.54 (Balanced))","TRUE (Theta -$0.32/d (3.7%))","TRUE (Calendar Clear (>7d))","TRUE (BE +$8.29 <= Exp Move +$22.02)"
"10","14","71.4%","REGN","Nasdaq 100","827.72","+0.53","+0.93%","1.77%","+7.6930","14.64","+1.8289","16.89","+1.5024","14.75","+4.3630","24.49","+4.4275","24.84","+0.2124","69.60","TRUE (P ($827.72) > 20EMA ($807.54) > 50SMA ($737.27))","FALSE (Headroom: $31.62 (1.6x ATR))","FALSE (0.82x 20d Avg Vol)","TRUE (RSI 56.0 (Bullish))","FALSE (MACD -3.38)","TRUE (ATR $20.39 (2.5%))","TRUE (+5.7% vs SPY (+-0.4%))","FALSE (Spread $2.88 (10.0%))","TRUE (Active Liquid Chain ($28.80))","TRUE (IV 35.3% (IV/HV 1.11))","TRUE (Delta 0.51 (Balanced))","TRUE (Theta -$0.87/d (3.0%))","TRUE (Calendar Clear (>7d))","TRUE (BE +$31.08 <= Exp Move +$57.21)"
"10","14","71.4%","CPRT","Nasdaq 100","33.72","+0.52","+0.76%","1.45%","+0.2570","0.49","+0.0150","0.47","+0.1979","1.14","+0.1680","1.11","+0.0532","1.72","-0.0337","1.84","TRUE (P ($33.72) > 20EMA ($32.23) > 50SMA ($30.08))","FALSE (Headroom: $0.91 (0.8x ATR))","FALSE (0.66x 20d Avg Vol)","TRUE (RSI 63.4 (Bullish))","FALSE (MACD -0.01)","TRUE (ATR $1.17 (3.5%))","TRUE (+13.7% vs SPY (+-0.4%))","TRUE (Spread $0.08 (10.0%))","TRUE (Active Liquid Chain ($0.85))","TRUE (IV 54.0% (IV/HV 1.27))","TRUE (Delta 0.50 (Balanced))","FALSE (Theta -$0.05/d (6.2%))","TRUE (Calendar Clear (>7d))","TRUE (BE +$1.13 <= Exp Move +$3.57)"
"9","14","64.3%","AMGN","Dow 30 / Nasdaq 100 / S&P 500","437.23","+0.51","+0.47%","0.94%","+2.0700","4.09","-0.1999","4.55","+1.6336","6.88","+2.3900","8.22","+1.8329","10.42","+0.6918","23.06","TRUE (P ($437.23) > 20EMA ($427.64) > 50SMA ($395.32))","FALSE (Headroom: $9.80 (1.1x ATR))","FALSE (0.74x 20d Avg Vol)","TRUE (RSI 62.8 (Bullish))","FALSE (MACD -1.55)","TRUE (ATR $9.27 (2.1%))","TRUE (+7.0% vs SPY (+-0.4%))","FALSE (Spread $1.07 (10.0%))","TRUE (Active Liquid Chain ($10.70))","TRUE (IV 41.0% (IV/HV 1.49))","TRUE (Delta 0.49 (Balanced))","TRUE (Theta -$0.53/d (4.9%))","FALSE (Upcoming Catalyst / IV Spike)","TRUE (BE +$13.47 <= Exp Move +$35.12)"
"10","14","71.4%","PG","Dow 30 / S&P 500","146.44","+0.49","+0.23%","0.46%","+0.3350","0.68","+0.1997","1.21","+0.0979","1.22","-0.0424","1.56","-0.0659","1.72","+0.0211","3.10","FALSE (Price $146.44 (20EMA: $145.56, 50SMA: $146.30))","TRUE (Breakout Zone ($148.36))","FALSE (0.63x 20d Avg Vol)","TRUE (RSI 60.7 (Bullish))","TRUE (MACD +0.37 (Crossed Above))","TRUE (ATR $2.22 (1.5%))","TRUE (+0.4% vs SPY (+-0.4%))","FALSE (Spread $0.28 (10.0%))","TRUE (Active Liquid Chain ($2.83))","TRUE (IV 22.4% (IV/HV 1.53))","TRUE (Delta 0.61 (Balanced))","TRUE (Theta -$0.10/d (3.5%))","FALSE (Upcoming Catalyst / IV Spike)","TRUE (BE +$1.39 <= Exp Move +$6.44)"
"8","14","57.1%","NXPI","Nasdaq 100","227.84","+0.49","+0.39%","0.81%","+0.8990","1.84","+0.4104","1.61","-0.5422","3.09","-0.8527","7.18","-1.5653","10.39","+0.3019","41.40","FALSE (Price $227.84 (20EMA: $230.01, 50SMA: $250.27))","TRUE (Headroom: $14.65 (2.6x ATR))","FALSE (1.00x 20d Avg Vol)","FALSE (RSI 43.9)","TRUE (MACD +1.95 (Crossed Above))","TRUE (ATR $5.61 (2.5%))","FALSE (-5.0% vs SPY (-0.4%))","FALSE (Spread $0.58 (10.0%))","TRUE (Active Liquid Chain ($5.80))","TRUE (IV 43.7% (IV/HV 1.05))","TRUE (Delta 0.48 (Balanced))","FALSE (Theta -$0.29/d (5.0%))","TRUE (Calendar Clear (>7d))","TRUE (BE +$7.96 <= Exp Move +$19.50)"
"11","14","78.6%","CVS","S&P 500","96.74","+0.47","+0.54%","1.16%","+0.5260","1.12","+0.5043","1.16","+0.0743","1.51","-0.4081","3.43","-0.1223","4.41","+0.2663","6.99","FALSE (Price $96.74 (20EMA: $96.21, 50SMA: $100.56))","FALSE (Headroom: $1.76 (1.0x ATR))","FALSE (0.67x 20d Avg Vol)","TRUE (RSI 60.1 (Bullish))","TRUE (MACD +0.69 (Crossed Above))","TRUE (ATR $1.80 (1.9%))","TRUE (+1.1% vs SPY (+-0.4%))","TRUE (Spread $0.30 (10.0%))","TRUE (Active Liquid Chain ($3.03))","TRUE (IV 34.4% (IV/HV 1.17))","TRUE (Delta 0.63 (Balanced))","TRUE (Theta -$0.10/d (3.2%))","TRUE (Calendar Clear (>7d))","TRUE (BE +$1.29 <= Exp Move +$6.52)"
"8","14","57.1%","MRVL","Nasdaq 100","223.55","+0.44","+0.99%","2.25%","+2.2220","5.04","-3.4170","10.04","-0.1370","13.48","+1.4663","16.22","-1.1925","28.21","+1.1908","44.21","FALSE (Price $223.55 (20EMA: $220.90, 50SMA: $220.65))","FALSE (Headroom: $31.05 (1.9x ATR))","FALSE (0.86x 20d Avg Vol)","FALSE (RSI 46.3)","FALSE (MACD -2.09)","TRUE (ATR $16.06 (7.2%))","TRUE (+2.2% vs SPY (+-0.4%))","FALSE (Spread $1.21 (10.0%))","TRUE (Active Liquid Chain ($12.10))","TRUE (IV 61.1% (IV/HV 0.68))","TRUE (Delta 0.58 (Balanced))","TRUE (Theta -$0.39/d (3.2%))","TRUE (Calendar Clear (>7d))","TRUE (BE +$8.55 <= Exp Move +$26.76)"
"11","14","78.6%","IBM","Dow 30 / S&P 500","234.89","+0.42","+0.23%","0.54%","+0.5350","1.28","+0.1427","2.48","-0.1278","2.57","+0.3696","4.62","-0.8407","21.64","-0.0347","24.85","FALSE (Price $234.89 (20EMA: $233.76, 50SMA: $240.30))","FALSE (Headroom: $6.91 (1.3x ATR))","FALSE (0.77x 20d Avg Vol)","TRUE (RSI 56.6 (Bullish))","TRUE (MACD +0.50 (Crossed Above))","TRUE (ATR $5.48 (2.3%))","TRUE (-0.3% vs SPY (-0.4%))","TRUE (Spread $0.82 (10.0%))","TRUE (Active Liquid Chain ($8.19))","TRUE (IV 33.6% (IV/HV 1.16))","TRUE (Delta 0.65 (Balanced))","TRUE (Theta -$0.22/d (2.7%))","TRUE (Calendar Clear (>7d))","TRUE (BE +$3.30 <= Exp Move +$15.47)"
"10","14","71.4%","CRM","Dow 30 / S&P 500","259.23","+0.42","+0.37%","0.90%","+0.9700","2.33","+6.9029","12.71","+4.2499","12.53","+2.8805","13.00","+1.4019","16.45","+0.1837","21.36","TRUE (P ($259.23) > 20EMA ($227.52) > 50SMA ($191.65))","FALSE (Headroom: $9.04 (0.8x ATR))","FALSE (0.64x 20d Avg Vol)","FALSE (RSI 88.2)","TRUE (MACD +4.30 (Crossed Above))","TRUE (ATR $11.46 (4.4%))","TRUE (+34.5% vs SPY (+-0.4%))","FALSE (Spread $0.74 (10.0%))","TRUE (Active Liquid Chain ($7.36))","TRUE (IV 40.8% (IV/HV 0.59))","TRUE (Delta 0.51 (Balanced))","TRUE (Theta -$0.31/d (4.2%))","TRUE (Calendar Clear (>7d))","TRUE (BE +$8.13 <= Exp Move +$20.73)"
"10","14","71.4%","MCHP","Nasdaq 100","74.17","+0.39","+0.42%","1.08%","+0.3140","0.80","-0.1288","0.96","-0.4343","1.16","-0.1246","2.86","-0.3793","3.65","+0.0658","11.12","FALSE (Price $74.17 (20EMA: $75.26, 50SMA: $79.47))","TRUE (Headroom: $10.98 (4.6x ATR))","FALSE (0.95x 20d Avg Vol)","FALSE (RSI 33.2)","TRUE (MACD +0.06 (Crossed Above))","TRUE (ATR $2.38 (3.2%))","FALSE (-11.9% vs SPY (-0.4%))","TRUE (Spread $0.23 (10.0%))","TRUE (Active Liquid Chain ($2.28))","TRUE (IV 50.7% (IV/HV 0.86))","TRUE (Delta 0.48 (Balanced))","TRUE (Theta -$0.11/d (4.8%))","TRUE (Calendar Clear (>7d))","TRUE (BE +$3.11 <= Exp Move +$7.36)"
"9","14","64.3%","DUK","S&P 500","120.22","+0.37","+0.14%","0.37%","+0.1630","0.44","-0.1541","0.56","-0.1379","1.15","-0.2035","1.38","-0.0581","2.06","-0.0439","2.36","FALSE (Price $120.22 (20EMA: $121.75, 50SMA: $123.99))","TRUE (Headroom: $5.44 (3.1x ATR))","FALSE (0.78x 20d Avg Vol)","FALSE (RSI 36.0)","FALSE (MACD -0.05)","TRUE (ATR $1.77 (1.5%))","FALSE (-2.9% vs SPY (-0.4%))","TRUE (Spread $0.15 (10.0%))","TRUE (Active Liquid Chain ($1.50))","TRUE (IV 18.1% (IV/HV 1.08))","TRUE (Delta 0.55 (Balanced))","TRUE (Theta -$0.07/d (4.6%))","TRUE (Calendar Clear (>7d))","TRUE (BE +$1.28 <= Exp Move +$4.27)"
"8","14","57.1%","SO","S&P 500","88.11","+0.36","+0.10%","0.28%","+0.0900","0.25","-0.2224","0.46","-0.2317","0.84","-0.2372","0.87","-0.0846","1.89","-0.0244","2.03","FALSE (Price $88.11 (20EMA: $89.98, 50SMA: $92.84))","TRUE (Headroom: $5.37 (3.9x ATR))","FALSE (1.32x 20d Avg Vol)","FALSE (RSI 24.8)","FALSE (MACD -0.11)","TRUE (ATR $1.36 (1.5%))","FALSE (-4.2% vs SPY (-0.4%))","TRUE (Spread $0.04 (10.0%))","TRUE (Active Liquid Chain ($0.40))","TRUE (IV 19.1% (IV/HV 1.42))","TRUE (Delta 0.31 (Balanced))","FALSE (Theta -$0.05/d (11.3%))","TRUE (Calendar Clear (>7d))","TRUE (BE +$2.29 <= Exp Move +$3.29)"
"7","14","50%","GOOG","Nasdaq 100 / S&P 500","335.31","+0.35","+0.22%","0.62%","+0.7281","2.09","-0.9842","2.88","-0.6256","3.34","-0.4581","10.46","-0.3498","10.75","+0.2742","27.30","FALSE (Price $335.31 (20EMA: $340.36, 50SMA: $346.31))","TRUE (Headroom: $20.39 (3.2x ATR))","FALSE (0.84x 20d Avg Vol)","FALSE (RSI 43.3)","FALSE (MACD -0.37)","TRUE (ATR $6.33 (1.9%))","FALSE (-5.1% vs SPY (-0.4%))","FALSE (Spread $0.51 (10.0%))","TRUE (Active Liquid Chain ($5.06))","TRUE (IV 29.1% (IV/HV 0.89))","TRUE (Delta 0.43 (Balanced))","FALSE (Theta -$0.29/d (5.7%))","TRUE (Calendar Clear (>7d))","TRUE (BE +$9.75 <= Exp Move +$19.14)"
"6","14","42.9%","PCAR","Nasdaq 100","124.70","+0.33","+0.26%","0.79%","+0.3200","0.98","-0.7825","1.46","-0.4617","1.52","-0.3903","1.62","+0.2021","4.27","+0.1229","5.62","FALSE (Price $124.70 (20EMA: $127.00, 50SMA: $127.59))","TRUE (Headroom: $9.01 (3.3x ATR))","FALSE (0.72x 20d Avg Vol)","FALSE (RSI 33.3)","FALSE (MACD -0.78)","TRUE (ATR $2.70 (2.2%))","FALSE (-6.1% vs SPY (-0.4%))","TRUE (Spread $0.25 (10.0%))","TRUE (Active Liquid Chain ($2.50))","FALSE (IV 50.5% (IV/HV 2.17))","TRUE (Delta 0.52 (Balanced))","FALSE (Theta -$0.18/d (7.4%))","FALSE (Upcoming Catalyst / IV Spike)","TRUE (BE +$2.80 <= Exp Move +$12.34)"
"10","14","71.4%","WDC","Nasdaq 100","467.46","+0.32","+0.53%","1.66%","+2.4950","7.74","+0.4908","10.18","-1.1698","23.97","-1.9342","30.37","-3.2108","53.57","+1.8583","88.58","FALSE (Price $467.46 (20EMA: $467.45, 50SMA: $506.98))","TRUE (Headroom: $81.14 (3.0x ATR))","FALSE (0.90x 20d Avg Vol)","FALSE (RSI 33.0)","TRUE (MACD +1.79 (Crossed Above))","TRUE (ATR $27.29 (5.8%))","TRUE (+7.6% vs SPY (+-0.4%))","FALSE (Spread $2.28 (10.0%))","TRUE (Active Liquid Chain ($22.80))","TRUE (IV 70.2% (IV/HV 0.81))","TRUE (Delta 0.52 (Balanced))","TRUE (Theta -$0.94/d (4.1%))","TRUE (Calendar Clear (>7d))","TRUE (BE +$25.34 <= Exp Move +$64.25)"
"11","14","78.6%","VZ","Dow 30 / S&P 500","50.14","+0.29","+0.11%","0.36%","+0.0530","0.18","+0.0301","0.26","+0.1810","0.47","+0.1470","0.62","+0.1098","1.88","-0.0028","2.22","TRUE (P ($50.14) > 20EMA ($49.19) > 50SMA ($46.28))","FALSE (Headroom: $0.79 (1.0x ATR))","FALSE (0.80x 20d Avg Vol)","TRUE (RSI 69.7 (Bullish))","FALSE (MACD -0.05)","TRUE (ATR $0.76 (1.5%))","TRUE (+6.5% vs SPY (+-0.4%))","TRUE (Spread $0.09 (10.0%))","TRUE (Active Liquid Chain ($0.91))","TRUE (IV 23.5% (IV/HV 1.23))","TRUE (Delta 0.55 (Balanced))","TRUE (Theta -$0.04/d (4.0%))","TRUE (Calendar Clear (>7d))","TRUE (BE +$0.77 <= Exp Move +$2.31)"
"13","14","92.9%","TMUS","Nasdaq 100 / S&P 500","181.52","+0.27","+0.44%","1.61%","+0.8020","2.92","+0.6707","2.68","+0.2906","2.42","+0.2847","2.82","-0.0180","5.43","-0.2371","6.67","TRUE (P ($181.52) > 20EMA ($181.42) > 50SMA ($180.50))","TRUE (Headroom: $8.35 (2.0x ATR))","FALSE (1.17x 20d Avg Vol)","TRUE (RSI 53.9 (Bullish))","TRUE (MACD +0.61 (Crossed Above))","TRUE (ATR $4.09 (2.3%))","TRUE (+3.0% vs SPY (+-0.4%))","TRUE (Spread $0.48 (10.0%))","TRUE (Active Liquid Chain ($4.78))","TRUE (IV 36.0% (IV/HV 1.17))","TRUE (Delta 0.57 (Balanced))","TRUE (Theta -$0.19/d (4.0%))","TRUE (Calendar Clear (>7d))","TRUE (BE +$3.26 <= Exp Move +$12.81)"
"8","14","57.1%","GOOGL","Nasdaq 100 / S&P 500","338.46","+0.26","+0.18%","0.69%","+0.6111","2.32","-0.9953","3.04","-0.5179","3.54","-0.3373","10.62","-0.3309","11.08","+0.2781","27.94","FALSE (Price $338.46 (20EMA: $343.18, 50SMA: $348.35))","TRUE (Headroom: $18.92 (2.9x ATR))","FALSE (1.04x 20d Avg Vol)","FALSE (RSI 44.5)","FALSE (MACD -0.37)","TRUE (ATR $6.60 (1.9%))","FALSE (-4.4% vs SPY (-0.4%))","FALSE (Spread $0.64 (10.0%))","TRUE (Active Liquid Chain ($6.40))","TRUE (IV 28.8% (IV/HV 0.85))","TRUE (Delta 0.49 (Balanced))","TRUE (Theta -$0.29/d (4.6%))","TRUE (Calendar Clear (>7d))","TRUE (BE +$7.94 <= Exp Move +$19.06)"
"10","14","71.4%","CVX","Dow 30 / S&P 500","208.60","+0.26","+0.25%","0.96%","+0.5190","2.00","+1.3671","2.67","+0.7798","3.14","+0.8346","3.69","+0.5908","7.13","+0.0308","10.45","TRUE (P ($208.60) > 20EMA ($202.53) > 50SMA ($189.96))","FALSE (Headroom: $4.60 (1.3x ATR))","FALSE (0.70x 20d Avg Vol)","TRUE (RSI 64.4 (Bullish))","TRUE (MACD +0.33 (Crossed Above))","TRUE (ATR $3.67 (1.8%))","TRUE (+12.8% vs SPY (+-0.4%))","FALSE (Spread $0.32 (10.0%))","TRUE (Active Liquid Chain ($3.21))","TRUE (IV 28.0% (IV/HV 1.11))","TRUE (Delta 0.48 (Balanced))","FALSE (Theta -$0.18/d (5.5%))","TRUE (Calendar Clear (>7d))","TRUE (BE +$4.61 <= Exp Move +$11.45)"
"10","14","71.4%","VRTX","Nasdaq 100","546.12","+0.26","+0.25%","0.97%","+1.3510","5.28","+0.4422","4.79","+1.9436","9.38","+3.0977","11.84","+1.5392","19.25","+0.7833","25.21","TRUE (P ($546.12) > 20EMA ($536.11) > 50SMA ($508.76))","FALSE (Headroom: $14.13 (1.1x ATR))","FALSE (0.72x 20d Avg Vol)","TRUE (RSI 65.0 (Bullish))","FALSE (MACD -0.60)","TRUE (ATR $12.47 (2.3%))","TRUE (+10.1% vs SPY (+-0.4%))","FALSE (Spread $1.60 (10.0%))","TRUE (Active Liquid Chain ($15.95))","TRUE (IV 37.7% (IV/HV 1.27))","TRUE (Delta 0.49 (Balanced))","TRUE (Theta -$0.61/d (3.8%))","TRUE (Calendar Clear (>7d))","TRUE (BE +$19.83 <= Exp Move +$40.34)"
"11","14","78.6%","UBER","S&P 500","75.76","+0.25","+0.12%","0.49%","+0.0940","0.37","-0.4909","0.95","-0.0178","1.65","+0.2853","2.37","+0.1041","2.59","+0.0084","2.76","FALSE (Price $75.76 (20EMA: $76.17, 50SMA: $74.09))","TRUE (Headroom: $6.60 (2.6x ATR))","FALSE (0.93x 20d Avg Vol)","TRUE (RSI 52.3 (Bullish))","FALSE (MACD -0.42)","TRUE (ATR $2.59 (3.4%))","TRUE (+1.0% vs SPY (+-0.4%))","TRUE (Spread $0.25 (10.0%))","TRUE (Active Liquid Chain ($2.50))","TRUE (IV 37.7% (IV/HV 0.91))","TRUE (Delta 0.58 (Balanced))","TRUE (Theta -$0.08/d (3.4%))","TRUE (Calendar Clear (>7d))","TRUE (BE +$1.74 <= Exp Move +$5.59)"
"10","14","71.4%","BMY","S&P 500","66.82","+0.24","+0.18%","0.73%","+0.1190","0.49","-0.0143","0.49","+0.2006","0.88","+0.1491","0.94","+0.2436","1.25","+0.0713","2.92","TRUE (P ($66.82) > 20EMA ($66.18) > 50SMA ($62.85))","FALSE (Headroom: $1.82 (1.2x ATR))","FALSE (0.59x 20d Avg Vol)","TRUE (RSI 59.4 (Bullish))","FALSE (MACD -0.16)","TRUE (ATR $1.51 (2.3%))","TRUE (+3.2% vs SPY (+-0.4%))","TRUE (Spread $0.24 (10.0%))","TRUE (Active Liquid Chain ($2.35))","TRUE (IV 30.2% (IV/HV 1.25))","FALSE (Delta 0.70)","TRUE (Theta -$0.06/d (2.3%))","TRUE (Calendar Clear (>7d))","TRUE (BE +$0.53 <= Exp Move +$3.95)"
"11","14","78.6%","AAPL","Dow 30 / Nasdaq 100 / S&P 500","319.97","+0.24","+0.29%","1.20%","+0.9320","3.84","+1.8254","3.04","+1.1101","3.44","-0.1336","10.42","+0.4122","12.52","+0.6158","12.63","TRUE (P ($319.97) > 20EMA ($316.87) > 50SMA ($314.99))","FALSE (Headroom: $10.84 (1.5x ATR))","FALSE (1.00x 20d Avg Vol)","TRUE (RSI 63.6 (Bullish))","TRUE (MACD +1.55 (Crossed Above))","TRUE (ATR $7.43 (2.3%))","TRUE (+2.2% vs SPY (+-0.4%))","FALSE (Spread $0.66 (10.0%))","TRUE (Active Liquid Chain ($6.60))","TRUE (IV 27.9% (IV/HV 0.92))","TRUE (Delta 0.52 (Balanced))","TRUE (Theta -$0.27/d (4.1%))","TRUE (Calendar Clear (>7d))","TRUE (BE +$6.63 <= Exp Move +$17.47)"
"10","14","71.4%","LRCX","Nasdaq 100 / S&P 500","307.65","+0.21","+0.48%","2.29%","+1.4780","7.04","-2.3335","7.63","-1.6659","10.97","+0.5074","17.82","-1.3152","26.98","+0.8913","38.36","FALSE (Price $307.65 (20EMA: $307.72, 50SMA: $321.88))","TRUE (Headroom: $37.63 (2.7x ATR))","TRUE (1.12x Avg Vol (Up Day))","FALSE (RSI 33.4)","FALSE (MACD -1.37)","TRUE (ATR $14.11 (4.6%))","FALSE (-1.2% vs SPY (-0.4%))","TRUE (Spread $1.28 (10.0%))","TRUE (Active Liquid Chain ($12.82))","TRUE (IV 59.2% (IV/HV 0.78))","TRUE (Delta 0.50 (Balanced))","TRUE (Theta -$0.53/d (4.1%))","TRUE (Calendar Clear (>7d))","TRUE (BE +$15.17 <= Exp Move +$35.69)"
"10","14","71.4%","COP","S&P 500","134.26","+0.19","+0.23%","1.18%","+0.3070","1.58","+0.5482","1.96","+0.6154","2.35","+0.8101","2.80","+0.4561","5.41","+0.0099","7.98","TRUE (P ($134.26) > 20EMA ($130.12) > 50SMA ($119.64))","FALSE (Headroom: $3.16 (1.1x ATR))","FALSE (0.84x 20d Avg Vol)","TRUE (RSI 64.4 (Bullish))","FALSE (MACD -0.04)","TRUE (ATR $2.87 (2.1%))","TRUE (+14.9% vs SPY (+-0.4%))","FALSE (Spread $0.29 (10.0%))","TRUE (Active Liquid Chain ($2.91))","TRUE (IV 32.0% (IV/HV 1.06))","TRUE (Delta 0.49 (Balanced))","TRUE (Theta -$0.13/d (4.4%))","TRUE (Calendar Clear (>7d))","TRUE (BE +$3.65 <= Exp Move +$8.42)"
"8","14","57.1%","GE","S&P 500","337.12","+0.19","+0.15%","0.81%","+0.5210","2.72","-1.9463","5.11","-2.1805","6.32","-1.2392","9.89","-0.0109","15.02","+0.6806","19.48","FALSE (Price $337.12 (20EMA: $346.64, 50SMA: $357.17))","TRUE (Headroom: $38.46 (4.4x ATR))","FALSE (0.72x 20d Avg Vol)","FALSE (RSI 32.3)","FALSE (MACD -2.39)","TRUE (ATR $8.71 (2.6%))","FALSE (-8.9% vs SPY (-0.4%))","TRUE (Spread $0.55 (10.0%))","TRUE (Active Liquid Chain ($5.55))","TRUE (IV 31.8% (IV/HV 1.00))","TRUE (Delta 0.47 (Balanced))","FALSE (Theta -$0.32/d (5.7%))","TRUE (Calendar Clear (>7d))","TRUE (BE +$8.43 <= Exp Move +$21.00)"
"7","14","50%","XEL","Nasdaq 100","75.72","+0.19","+0.07%","0.36%","+0.0510","0.27","-0.2173","0.42","-0.1655","0.90","-0.1034","1.00","-0.0461","1.47","-0.0134","1.53","FALSE (Price $75.72 (20EMA: $77.14, 50SMA: $78.75))","TRUE (Headroom: $5.09 (3.8x ATR))","FALSE (0.77x 20d Avg Vol)","FALSE (RSI 30.8)","FALSE (MACD -0.16)","TRUE (ATR $1.35 (1.8%))","FALSE (-3.0% vs SPY (-0.4%))","TRUE (Spread $0.16 (10.0%))","TRUE (Active Liquid Chain ($1.60))","TRUE (IV 42.7% (IV/HV 2.66))","TRUE (Delta 0.57 (Balanced))","FALSE (Theta -$0.09/d (5.9%))","FALSE (Upcoming Catalyst / IV Spike)","TRUE (BE +$0.88 <= Exp Move +$6.33)"
"9","14","64.3%","FAST","Nasdaq 100","49.60","+0.19","+0.21%","1.15%","+0.1060","0.57","-0.2813","0.69","-0.1769","0.59","+0.0483","1.54","+0.0965","1.53","+0.0484","1.73","FALSE (Price $49.60 (20EMA: $49.82, 50SMA: $48.57))","TRUE (Headroom: $3.32 (3.2x ATR))","TRUE (1.06x Avg Vol (Up Day))","FALSE (RSI 40.2)","FALSE (MACD -0.39)","TRUE (ATR $1.04 (2.1%))","FALSE (-4.3% vs SPY (-0.4%))","TRUE (Spread $0.08 (10.0%))","TRUE (Active Liquid Chain ($0.75))","TRUE (IV 26.3% (IV/HV 1.09))","TRUE (Delta 0.46 (Balanced))","FALSE (Theta -$0.04/d (5.2%))","TRUE (Calendar Clear (>7d))","TRUE (BE +$1.15 <= Exp Move +$2.56)"
"10","14","71.4%","TMO","S&P 500","613.78","+0.18","+0.18%","1.03%","+1.1290","6.35","-2.5710","6.82","+1.2628","13.22","+2.0667","12.37","+2.8223","13.60","+1.1461","34.98","TRUE (P ($613.78) > 20EMA ($607.36) > 50SMA ($570.73))","FALSE (Headroom: $33.22 (1.9x ATR))","FALSE (0.77x 20d Avg Vol)","TRUE (RSI 63.3 (Bullish))","FALSE (MACD -3.80)","TRUE (ATR $17.14 (2.8%))","TRUE (+3.3% vs SPY (+-0.4%))","FALSE (Spread $1.74 (10.0%))","TRUE (Active Liquid Chain ($17.43))","TRUE (IV 29.1% (IV/HV 1.21))","TRUE (Delta 0.57 (Balanced))","TRUE (Theta -$0.54/d (3.1%))","TRUE (Calendar Clear (>7d))","TRUE (BE +$13.65 <= Exp Move +$35.03)"
"8","14","57.1%","EMR","S&P 500","152.82","+0.17","+0.22%","1.26%","+0.3340","1.93","-0.9426","2.37","-0.7003","2.46","+0.0106","5.16","+0.3202","6.37","+0.1943","6.07","FALSE (Price $152.82 (20EMA: $153.89, 50SMA: $149.09))","TRUE (Headroom: $12.97 (3.6x ATR))","FALSE (0.91x 20d Avg Vol)","FALSE (RSI 35.6)","FALSE (MACD -1.41)","TRUE (ATR $3.63 (2.4%))","FALSE (-3.1% vs SPY (-0.4%))","TRUE (Spread $0.23 (10.0%))","TRUE (Active Liquid Chain ($2.27))","TRUE (IV 33.1% (IV/HV 1.05))","TRUE (Delta 0.44 (Balanced))","FALSE (Theta -$0.15/d (6.5%))","TRUE (Calendar Clear (>7d))","TRUE (BE +$4.45 <= Exp Move +$9.92)"
"10","14","71.4%","MO","S&P 500","68.88","+0.17","+0.10%","0.62%","+0.0720","0.43","+0.1295","0.49","+0.2908","0.78","-0.0694","2.53","-0.0831","2.35","+0.0410","3.01","FALSE (Price $68.88 (20EMA: $68.33, 50SMA: $69.83))","FALSE (Headroom: $1.65 (1.1x ATR))","FALSE (0.79x 20d Avg Vol)","TRUE (RSI 70.4 (Bullish))","TRUE (MACD +0.45 (Crossed Above))","TRUE (ATR $1.44 (2.1%))","TRUE (+0.8% vs SPY (+-0.4%))","TRUE (Spread $0.05 (10.0%))","TRUE (Active Liquid Chain ($0.53))","TRUE (IV 20.4% (IV/HV 0.54))","TRUE (Delta 0.37 (Balanced))","FALSE (Theta -$0.04/d (7.6%))","TRUE (Calendar Clear (>7d))","TRUE (BE +$1.65 <= Exp Move +$2.75)"
"9","14","64.3%","ADI","Nasdaq 100","362.25","+0.15","+0.12%","0.83%","+0.4400","3.00","-1.8990","4.26","-1.6334","4.56","-0.3246","9.91","-0.8257","12.29","+0.3782","32.19","FALSE (Price $362.25 (20EMA: $368.00, 50SMA: $376.31))","TRUE (Headroom: $33.49 (3.1x ATR))","FALSE (0.99x 20d Avg Vol)","FALSE (RSI 27.3)","FALSE (MACD -1.23)","TRUE (ATR $10.89 (3.0%))","FALSE (-6.8% vs SPY (-0.4%))","TRUE (Spread $0.98 (10.0%))","TRUE (Active Liquid Chain ($9.85))","TRUE (IV 42.1% (IV/HV 1.37))","TRUE (Delta 0.56 (Balanced))","TRUE (Theta -$0.45/d (4.5%))","TRUE (Calendar Clear (>7d))","TRUE (BE +$7.60 <= Exp Move +$29.85)"
"10","14","71.4%","STX","Nasdaq 100","849.28","+0.14","+0.28%","2.02%","+2.3770","17.15","+0.2912","18.78","-4.0675","48.76","+0.4353","50.90","-2.1715","70.02","+4.1584","125.29","FALSE (Price $849.28 (20EMA: $840.48, 50SMA: $853.52))","TRUE (Headroom: $164.71 (3.3x ATR))","FALSE (0.71x 20d Avg Vol)","FALSE (RSI 31.2)","FALSE (MACD -3.01)","TRUE (ATR $49.43 (5.8%))","TRUE (+4.5% vs SPY (+-0.4%))","TRUE (Spread $3.62 (10.0%))","TRUE (Active Liquid Chain ($36.16))","TRUE (IV 69.9% (IV/HV 0.93))","TRUE (Delta 0.53 (Balanced))","TRUE (Theta -$1.71/d (4.7%))","TRUE (Calendar Clear (>7d))","TRUE (BE +$36.88 <= Exp Move +$116.20)"
"11","14","78.6%","WDAY","Nasdaq 100","195.79","+0.14","+0.27%","1.95%","+0.5220","3.81","+0.6971","4.29","+0.7640","6.52","+1.6641","7.81","+1.4962","11.57","+0.5314","17.68","TRUE (P ($195.79) > 20EMA ($191.81) > 50SMA ($165.79))","TRUE (Headroom: $31.70 (3.6x ATR))","FALSE (0.57x 20d Avg Vol)","TRUE (RSI 53.6 (Bullish))","FALSE (MACD -1.46)","TRUE (ATR $8.73 (4.5%))","TRUE (+9.0% vs SPY (+-0.4%))","FALSE (Spread $0.76 (10.0%))","TRUE (Active Liquid Chain ($7.56))","TRUE (IV 56.4% (IV/HV 0.76))","TRUE (Delta 0.54 (Balanced))","TRUE (Theta -$0.32/d (4.2%))","TRUE (Calendar Clear (>7d))","TRUE (BE +$6.77 <= Exp Move +$21.64)"
"10","14","71.4%","AMT","S&P 500","175.85","+0.13","+0.12%","0.87%","+0.2030","1.53","-0.2279","1.55","+0.2978","2.00","+0.1762","2.64","-0.0703","6.56","-0.0333","6.45","TRUE (P ($175.85) > 20EMA ($174.74) > 50SMA ($171.12))","FALSE (Headroom: $5.13 (1.4x ATR))","FALSE (1.00x 20d Avg Vol)","TRUE (RSI 57.7 (Bullish))","FALSE (MACD -0.02)","TRUE (ATR $3.71 (2.1%))","TRUE (+1.9% vs SPY (+-0.4%))","FALSE (Spread $0.41 (10.0%))","TRUE (Active Liquid Chain ($4.10))","TRUE (IV 32.3% (IV/HV 1.14))","TRUE (Delta 0.56 (Balanced))","TRUE (Theta -$0.17/d (4.1%))","TRUE (Calendar Clear (>7d))","TRUE (BE +$3.25 <= Exp Move +$11.11)"
"10","14","71.4%","SCHW","S&P 500","109.29","+0.13","+0.10%","0.76%","+0.1040","0.83","-0.3507","1.39","+0.0068","1.63","+0.2092","1.81","+0.3939","2.55","+0.1610","5.13","TRUE (P ($109.29) > 20EMA ($109.02) > 50SMA ($104.87))","TRUE (Headroom: $5.24 (2.3x ATR))","FALSE (0.81x 20d Avg Vol)","FALSE (RSI 46.7)","FALSE (MACD -0.59)","TRUE (ATR $2.30 (2.1%))","TRUE (+1.9% vs SPY (+-0.4%))","TRUE (Spread $0.16 (10.0%))","TRUE (Active Liquid Chain ($1.60))","TRUE (IV 26.1% (IV/HV 1.31))","TRUE (Delta 0.47 (Balanced))","FALSE (Theta -$0.09/d (5.4%))","TRUE (Calendar Clear (>7d))","TRUE (BE +$2.31 <= Exp Move +$5.59)"
"11","14","78.6%","AMD","Nasdaq 100 / S&P 500","477.57","+0.12","+0.21%","1.75%","+1.0250","8.34","-0.8433","9.33","-1.2494","12.73","-0.4638","17.33","-1.0288","26.89","+2.7256","71.37","FALSE (Price $477.57 (20EMA: $474.91, 50SMA: $499.27))","TRUE (Headroom: $39.78 (2.2x ATR))","TRUE (1.12x Avg Vol (Up Day))","FALSE (RSI 40.1)","TRUE (MACD +0.14 (Crossed Above))","TRUE (ATR $18.48 (3.9%))","FALSE (-1.2% vs SPY (-0.4%))","TRUE (Spread $1.68 (10.0%))","TRUE (Active Liquid Chain ($16.83))","TRUE (IV 50.3% (IV/HV 0.73))","TRUE (Delta 0.51 (Balanced))","TRUE (Theta -$0.70/d (4.2%))","TRUE (Calendar Clear (>7d))","TRUE (BE +$19.26 <= Exp Move +$47.02)"
"11","14","78.6%","PFE","S&P 500","28.45","+0.11","+0.08%","0.77%","+0.0240","0.22","+0.0708","0.27","+0.1228","0.35","+0.1487","0.37","+0.0727","1.03","+0.0028","1.26","TRUE (P ($28.45) > 20EMA ($27.75) > 50SMA ($25.82))","FALSE (Headroom: $0.76 (1.2x ATR))","FALSE (0.68x 20d Avg Vol)","TRUE (RSI 65.7 (Bullish))","FALSE (MACD -0.01)","TRUE (ATR $0.62 (2.2%))","TRUE (+6.3% vs SPY (+-0.4%))","TRUE (Spread $0.07 (10.0%))","TRUE (Active Liquid Chain ($0.73))","TRUE (IV 24.7% (IV/HV 1.16))","TRUE (Delta 0.65 (Balanced))","TRUE (Theta -$0.02/d (2.8%))","TRUE (Calendar Clear (>7d))","TRUE (BE +$0.28 <= Exp Move +$1.38)"
"9","14","64.3%","CHTR","Nasdaq 100","151.99","+0.11","+0.28%","2.64%","+0.4290","4.02","+0.0407","3.39","-0.0304","3.70","+0.3184","5.11","+0.3773","7.25","-0.7318","24.50","TRUE (P ($151.99) > 20EMA ($150.58) > 50SMA ($143.27))","FALSE (Headroom: $8.71 (1.1x ATR))","FALSE (0.73x 20d Avg Vol)","TRUE (RSI 56.5 (Bullish))","FALSE (MACD -0.44)","TRUE (ATR $7.77 (5.1%))","TRUE (-0.4% vs SPY (-0.4%))","TRUE (Spread $0.54 (10.0%))","TRUE (Active Liquid Chain ($5.39))","FALSE (IV 86.1% (IV/HV 1.43))","TRUE (Delta 0.57 (Balanced))","FALSE (Theta -$0.37/d (6.9%))","TRUE (Calendar Clear (>7d))","TRUE (BE +$3.40 <= Exp Move +$25.62)"
"10","14","71.4%","TRI","Nasdaq 100","105.68","+0.10","+0.20%","2.11%","+0.2130","2.23","+0.2915","2.25","+0.2820","2.30","+0.2600","2.80","+0.5230","3.67","+0.1153","7.44","TRUE (P ($105.68) > 20EMA ($104.51) > 50SMA ($97.76))","FALSE (Headroom: $7.09 (1.7x ATR))","FALSE (0.79x 20d Avg Vol)","TRUE (RSI 60.3 (Bullish))","FALSE (MACD -0.15)","TRUE (ATR $4.10 (3.9%))","TRUE (+4.5% vs SPY (+-0.4%))","FALSE (Spread $0.40 (10.0%))","TRUE (Active Liquid Chain ($3.96))","TRUE (IV 53.6% (IV/HV 0.82))","TRUE (Delta 0.55 (Balanced))","TRUE (Theta -$0.16/d (4.1%))","TRUE (Calendar Clear (>7d))","TRUE (BE +$3.28 <= Exp Move +$11.10)"
"11","14","78.6%","QCOM","Nasdaq 100 / S&P 500","168.74","+0.09","+0.07%","0.79%","+0.1228","1.34","+1.2395","1.68","+0.3688","2.73","+0.3470","4.60","-0.8775","11.11","+0.2906","32.33","FALSE (Price $168.74 (20EMA: $164.87, 50SMA: $168.43))","TRUE (Breakout Zone ($170.63))","FALSE (0.94x 20d Avg Vol)","TRUE (RSI 63.3 (Bullish))","TRUE (MACD +1.67 (Crossed Above))","TRUE (ATR $5.10 (3.0%))","TRUE (+1.1% vs SPY (+-0.4%))","FALSE (Spread $0.49 (10.0%))","TRUE (Active Liquid Chain ($4.85))","TRUE (IV 42.8% (IV/HV 1.03))","TRUE (Delta 0.49 (Balanced))","TRUE (Theta -$0.21/d (4.4%))","TRUE (Calendar Clear (>7d))","TRUE (BE +$6.11 <= Exp Move +$14.14)"
"9","14","64.3%","ASML","Nasdaq 100","1714.88","+0.08","+0.11%","1.38%","+1.8790","23.68","-8.7242","21.99","-8.3532","38.03","+2.4436","72.25","-2.1943","72.17","+4.0638","108.87","FALSE (Price $1714.88 (20EMA: $1723.32, 50SMA: $1750.50))","TRUE (Headroom: $181.47 (3.8x ATR))","TRUE (1.11x Avg Vol (Up Day))","FALSE (RSI 27.7)","FALSE (MACD -9.42)","TRUE (ATR $47.60 (2.8%))","FALSE (-1.5% vs SPY (-0.4%))","FALSE (Spread $4.85 (10.0%))","TRUE (Active Liquid Chain ($48.52))","TRUE (IV 46.0% (IV/HV 1.07))","TRUE (Delta 0.54 (Balanced))","TRUE (Theta -$2.31/d (4.8%))","TRUE (Calendar Clear (>7d))","TRUE (BE +$43.64 <= Exp Move +$154.59)"
"8","14","57.1%","AMZN","Dow 30 / Nasdaq 100 / S&P 500","258.51","+0.07","+0.06%","0.79%","+0.1460","2.04","-0.5112","2.99","-0.7113","3.77","+0.2231","13.55","+0.4934","10.77","+0.3090","17.75","FALSE (Price $258.51 (20EMA: $259.60, 50SMA: $253.95))","TRUE (Headroom: $21.63 (3.7x ATR))","FALSE (0.94x 20d Avg Vol)","FALSE (RSI 47.2)","FALSE (MACD -1.18)","TRUE (ATR $5.86 (2.3%))","FALSE (-5.8% vs SPY (-0.4%))","FALSE (Spread $0.51 (10.0%))","TRUE (Active Liquid Chain ($5.05))","TRUE (IV 30.6% (IV/HV 0.60))","TRUE (Delta 0.49 (Balanced))","TRUE (Theta -$0.24/d (4.7%))","TRUE (Calendar Clear (>7d))","TRUE (BE +$6.54 <= Exp Move +$15.48)"
"7","14","50%","LOW","S&P 500","204.45","+0.07","+0.07%","1.01%","+0.1350","2.07","-1.6830","2.70","-1.0680","3.06","-0.4258","5.25","-0.1245","6.18","-0.2680","8.24","FALSE (Price $204.45 (20EMA: $209.45, 50SMA: $212.89))","TRUE (Headroom: $21.34 (4.1x ATR))","FALSE (0.79x 20d Avg Vol)","FALSE (RSI 33.1)","FALSE (MACD -1.49)","TRUE (ATR $5.21 (2.5%))","FALSE (-8.5% vs SPY (-0.4%))","FALSE (Spread $0.63 (10.0%))","TRUE (Active Liquid Chain ($6.30))","TRUE (IV 40.2% (IV/HV 1.53))","TRUE (Delta 0.63 (Balanced))","TRUE (Theta -$0.23/d (3.7%))","FALSE (Upcoming Catalyst / IV Spike)","TRUE (BE +$1.85 <= Exp Move +$16.10)"
"9","14","64.3%","NKE","Dow 30 / S&P 500","38.40","+0.06","+0.04%","0.63%","+0.0150","0.24","-0.1174","0.57","-0.1502","0.62","-0.1522","0.58","-0.0842","1.08","-0.0840","2.52","FALSE (Price $38.40 (20EMA: $39.44, 50SMA: $41.10))","TRUE (Headroom: $3.39 (3.3x ATR))","FALSE (0.74x 20d Avg Vol)","FALSE (RSI 48.4)","FALSE (MACD -0.03)","TRUE (ATR $1.02 (2.7%))","FALSE (-6.9% vs SPY (-0.4%))","TRUE (Spread $0.12 (10.0%))","TRUE (Active Liquid Chain ($1.22))","TRUE (IV 32.9% (IV/HV 1.07))","TRUE (Delta 0.59 (Balanced))","TRUE (Theta -$0.04/d (3.1%))","TRUE (Calendar Clear (>7d))","TRUE (BE +$0.82 <= Exp Move +$2.48)"
"8","14","57.1%","SHOP","Nasdaq 100","145.09","+0.05","+0.10%","1.90%","+0.1500","2.75","-1.1488","3.41","-0.4678","3.67","+0.7819","9.58","+0.7925","7.66","+0.2081","12.69","FALSE (Price $145.09 (20EMA: $145.29, 50SMA: $134.15))","TRUE (Headroom: $13.78 (2.8x ATR))","FALSE (1.03x 20d Avg Vol)","FALSE (RSI 45.4)","FALSE (MACD -1.87)","TRUE (ATR $4.95 (3.4%))","FALSE (-4.3% vs SPY (-0.4%))","FALSE (Spread $0.62 (10.0%))","TRUE (Active Liquid Chain ($6.20))","TRUE (IV 55.5% (IV/HV 0.78))","TRUE (Delta 0.53 (Balanced))","TRUE (Theta -$0.23/d (3.8%))","TRUE (Calendar Clear (>7d))","TRUE (BE +$6.11 <= Exp Move +$15.76)"
"11","14","78.6%","CMCSA","Nasdaq 100 / S&P 500","26.49","+0.05","+0.03%","0.64%","+0.0090","0.17","-0.0645","0.24","+0.0663","0.40","+0.1163","0.51","+0.0711","0.81","-0.0328","1.80","TRUE (P ($26.49) > 20EMA ($26.23) > 50SMA ($24.82))","FALSE (Headroom: $0.86 (1.4x ATR))","FALSE (0.85x 20d Avg Vol)","TRUE (RSI 59.2 (Bullish))","FALSE (MACD -0.10)","TRUE (ATR $0.60 (2.2%))","TRUE (+4.5% vs SPY (+-0.4%))","TRUE (Spread $0.09 (10.0%))","TRUE (Active Liquid Chain ($0.89))","TRUE (IV 41.6% (IV/HV 1.32))","TRUE (Delta 0.62 (Balanced))","TRUE (Theta -$0.03/d (3.5%))","TRUE (Calendar Clear (>7d))","TRUE (BE +$0.40 <= Exp Move +$2.16)"
"8","14","57.1%","ABBV","S&P 500","256.46","+0.01","+0.01%","0.83%","+0.0300","2.14","-0.6730","2.77","+0.5719","4.99","+0.3487","6.40","+0.5565","8.66","+0.5406","10.81","FALSE (Price $256.46 (20EMA: $257.60, 50SMA: $254.05))","FALSE (Headroom: $10.51 (1.8x ATR))","FALSE (1.11x 20d Avg Vol)","TRUE (RSI 56.6 (Bullish))","FALSE (MACD -0.61)","TRUE (ATR $5.77 (2.3%))","TRUE (+4.2% vs SPY (+-0.4%))","FALSE (Spread $0.31 (10.0%))","TRUE (Active Liquid Chain ($3.10))","TRUE (IV 25.8% (IV/HV 1.11))","TRUE (Delta 0.42 (Balanced))","FALSE (Theta -$0.20/d (6.3%))","TRUE (Calendar Clear (>7d))","TRUE (BE +$6.64 <= Exp Move +$12.97)"
"11","14","78.6%","ABNB","Nasdaq 100","181.94","+0.01","+0.01%","0.61%","+0.0145","1.11","-0.8909","1.88","+0.0631","2.95","+1.4567","9.13","+0.9766","8.77","+0.4199","10.87","TRUE (P ($181.94) > 20EMA ($180.35) > 50SMA ($162.96))","TRUE (Headroom: $11.51 (2.4x ATR))","FALSE (0.66x 20d Avg Vol)","TRUE (RSI 53.5 (Bullish))","FALSE (MACD -1.81)","TRUE (ATR $4.86 (2.7%))","TRUE (+2.2% vs SPY (+-0.4%))","FALSE (Spread $0.53 (10.0%))","TRUE (Active Liquid Chain ($5.33))","TRUE (IV 37.6% (IV/HV 0.68))","TRUE (Delta 0.58 (Balanced))","TRUE (Theta -$0.20/d (3.8%))","TRUE (Calendar Clear (>7d))","TRUE (BE +$3.39 <= Exp Move +$13.40)"
"9","14","64.3%","BKR","Nasdaq 100","63.50","-0.03","-0.02%","0.66%","-0.0120","0.42","+0.2744","0.48","-0.0684","0.97","+0.1276","1.45","+0.0928","3.04","-0.0044","3.74","TRUE (P ($63.50) > 20EMA ($62.80) > 50SMA ($59.84))","FALSE (Headroom: $1.94 (1.3x ATR))","FALSE (0.93x 20d Avg Vol)","FALSE (RSI 40.1)","FALSE (MACD -0.10)","TRUE (ATR $1.53 (2.4%))","TRUE (+3.2% vs SPY (+-0.4%))","TRUE (Spread $0.10 (10.0%))","TRUE (Active Liquid Chain ($1.00))","TRUE (IV 33.9% (IV/HV 1.18))","TRUE (Delta 0.39 (Balanced))","FALSE (Theta -$0.06/d (6.1%))","TRUE (Calendar Clear (>7d))","TRUE (BE +$2.50 <= Exp Move +$4.22)"
"11","14","78.6%","ACN","S&P 500","186.72","-0.05","-0.06%","1.20%","-0.1050","2.24","+0.4777","2.48","+0.7920","3.63","+0.9879","3.96","+0.8603","15.46","-0.2434","19.29","TRUE (P ($186.72) > 20EMA ($182.01) > 50SMA ($161.45))","FALSE (Headroom: $8.60 (1.3x ATR))","FALSE (1.00x 20d Avg Vol)","TRUE (RSI 67.3 (Bullish))","FALSE (MACD -0.52)","TRUE (ATR $6.56 (3.5%))","TRUE (+6.3% vs SPY (+-0.4%))","TRUE (Spread $0.68 (10.0%))","TRUE (Active Liquid Chain ($6.80))","TRUE (IV 44.3% (IV/HV 0.99))","TRUE (Delta 0.57 (Balanced))","TRUE (Theta -$0.24/d (3.5%))","TRUE (Calendar Clear (>7d))","TRUE (BE +$5.08 <= Exp Move +$16.21)"
"10","14","71.4%","TSLA","Nasdaq 100 / S&P 500","354.08","-0.09","-0.21%","2.39%","-0.7460","8.47","+1.8667","7.18","+1.7305","6.81","+2.0797","6.68","-1.2339","26.35","-0.3812","31.31","FALSE (Price $354.08 (20EMA: $351.83, 50SMA: $357.95))","FALSE (Headroom: $29.96 (2.0x ATR))","FALSE (1.71x 20d Avg Vol)","TRUE (RSI 55.0 (Bullish))","TRUE (MACD +2.93 (Crossed Above))","TRUE (ATR $15.34 (4.3%))","TRUE (+7.8% vs SPY (+-0.4%))","FALSE (Spread $1.28 (10.0%))","TRUE (Active Liquid Chain ($12.80))","TRUE (IV 40.7% (IV/HV 0.89))","TRUE (Delta 0.58 (Balanced))","TRUE (Theta -$0.42/d (3.3%))","TRUE (Calendar Clear (>7d))","TRUE (BE +$8.72 <= Exp Move +$28.23)"
"7","14","50%","AXP","Dow 30 / S&P 500","326.16","-0.10","-0.07%","0.74%","-0.2390","2.42","-1.2559","2.09","-0.8185","2.72","-0.4028","4.68","+0.0028","10.42","+0.3728","11.32","FALSE (Price $326.16 (20EMA: $334.10, 50SMA: $341.37))","TRUE (Headroom: $20.95 (3.7x ATR))","FALSE (0.89x 20d Avg Vol)","FALSE (RSI 38.0)","FALSE (MACD -0.97)","TRUE (ATR $5.64 (1.7%))","FALSE (-4.3% vs SPY (-0.4%))","FALSE (Spread $0.45 (10.0%))","TRUE (Active Liquid Chain ($4.45))","TRUE (IV 24.0% (IV/HV 1.17))","TRUE (Delta 0.43 (Balanced))","FALSE (Theta -$0.23/d (5.2%))","TRUE (Calendar Clear (>7d))","TRUE (BE +$8.29 <= Exp Move +$15.32)"
"9","14","64.3%","V","Dow 30 / S&P 500","375.07","-0.10","-0.07%","0.68%","-0.2520","2.54","-0.9363","2.22","+1.1743","5.34","+0.6077","5.59","+0.9270","6.90","+0.6639","8.12","TRUE (P ($375.07) > 20EMA ($373.00) > 50SMA ($362.78))","FALSE (Headroom: $10.50 (1.7x ATR))","FALSE (0.70x 20d Avg Vol)","TRUE (RSI 66.1 (Bullish))","FALSE (MACD -0.50)","TRUE (ATR $6.29 (1.7%))","TRUE (+3.7% vs SPY (+-0.4%))","FALSE (Spread $0.34 (10.0%))","TRUE (Active Liquid Chain ($3.39))","TRUE (IV 18.7% (IV/HV 1.01))","TRUE (Delta 0.39 (Balanced))","FALSE (Theta -$0.21/d (6.1%))","TRUE (Calendar Clear (>7d))","TRUE (BE +$8.32 <= Exp Move +$13.71)"
"9","14","64.3%","KO","Dow 30 / S&P 500","88.07","-0.12","-0.04%","0.36%","-0.0390","0.32","-0.4149","0.64","+0.0994","1.52","+0.1045","1.46","+0.1743","1.64","+0.1237","1.80","FALSE (Price $88.07 (20EMA: $88.51, 50SMA: $86.07))","TRUE (Headroom: $4.42 (3.1x ATR))","FALSE (1.20x 20d Avg Vol)","TRUE (RSI 54.6 (Bullish))","FALSE (MACD -0.42)","TRUE (ATR $1.44 (1.6%))","TRUE (+1.2% vs SPY (+-0.4%))","TRUE (Spread $0.03 (10.0%))","TRUE (Active Liquid Chain ($0.33))","TRUE (IV 15.6% (IV/HV 0.76))","FALSE (Delta 0.26)","FALSE (Theta -$0.03/d (10.5%))","TRUE (Calendar Clear (>7d))","TRUE (BE +$2.26 <= Exp Move +$2.69)"
"10","14","71.4%","MSFT","Dow 30 / Nasdaq 100 / S&P 500","499.70","-0.12","-0.12%","0.97%","-0.6080","4.87","+1.3592","6.77","+0.6654","9.35","+2.5282","24.86","+2.5673","27.22","+0.7593","33.98","TRUE (P ($499.70) > 20EMA ($489.86) > 50SMA ($443.56))","FALSE (Headroom: $18.08 (1.8x ATR))","FALSE (0.79x 20d Avg Vol)","TRUE (RSI 62.8 (Bullish))","FALSE (MACD -2.36)","TRUE (ATR $10.08 (2.0%))","TRUE (+0.1% vs SPY (+-0.4%))","FALSE (Spread $0.90 (10.0%))","TRUE (Active Liquid Chain ($9.00))","TRUE (IV 24.8% (IV/HV 0.51))","TRUE (Delta 0.52 (Balanced))","TRUE (Theta -$0.38/d (4.2%))","TRUE (Calendar Clear (>7d))","TRUE (BE +$9.30 <= Exp Move +$24.31)"
"10","14","71.4%","T","S&P 500","25.68","-0.14","-0.09%","0.62%","-0.0230","0.16","+0.0293","0.18","+0.1025","0.23","+0.0977","0.45","+0.0765","1.00","-0.0299","1.73","TRUE (P ($25.68) > 20EMA ($25.25) > 50SMA ($23.48))","FALSE (Headroom: $0.76 (1.6x ATR))","FALSE (0.84x 20d Avg Vol)","TRUE (RSI 65.4 (Bullish))","FALSE (MACD -0.03)","TRUE (ATR $0.47 (1.8%))","TRUE (+7.9% vs SPY (+-0.4%))","TRUE (Spread $0.03 (10.0%))","TRUE (Active Liquid Chain ($0.32))","TRUE (IV 27.0% (IV/HV 1.18))","TRUE (Delta 0.43 (Balanced))","FALSE (Theta -$0.02/d (6.4%))","TRUE (Calendar Clear (>7d))","TRUE (BE +$0.64 <= Exp Move +$1.36)"
"8","14","57.1%","AMAT","Nasdaq 100 / S&P 500","454.71","-0.15","-0.29%","1.94%","-1.3300","8.80","-5.4881","8.77","-5.3865","10.79","-2.2503","27.62","-2.3052","45.05","+1.7096","64.82","FALSE (Price $454.71 (20EMA: $480.72, 50SMA: $533.27))","TRUE (Headroom: $108.45 (6.0x ATR))","FALSE (0.81x 20d Avg Vol)","FALSE (RSI 17.7)","FALSE (MACD -3.82)","TRUE (ATR $18.10 (4.0%))","FALSE (-15.6% vs SPY (-0.4%))","FALSE (Spread $1.91 (10.0%))","TRUE (Active Liquid Chain ($19.05))","TRUE (IV 52.7% (IV/HV 0.75))","TRUE (Delta 0.57 (Balanced))","TRUE (Theta -$0.69/d (3.6%))","TRUE (Calendar Clear (>7d))","TRUE (BE +$14.34 <= Exp Move +$46.95)"
"7","14","50%","TXN","Nasdaq 100 / S&P 500","258.44","-0.16","-0.17%","1.11%","-0.4450","2.86","-0.7286","3.19","-1.4934","3.92","-0.8815","5.89","-0.7856","9.53","+0.6650","32.88","FALSE (Price $258.44 (20EMA: $264.95, 50SMA: $279.32))","TRUE (Headroom: $31.18 (3.9x ATR))","FALSE (0.79x 20d Avg Vol)","FALSE (RSI 28.3)","FALSE (MACD -0.41)","TRUE (ATR $7.91 (3.1%))","FALSE (-9.7% vs SPY (-0.4%))","FALSE (Spread $0.59 (10.0%))","TRUE (Active Liquid Chain ($5.85))","TRUE (IV 38.7% (IV/HV 1.20))","TRUE (Delta 0.49 (Balanced))","FALSE (Theta -$0.30/d (5.1%))","TRUE (Calendar Clear (>7d))","TRUE (BE +$7.41 <= Exp Move +$19.59)"
"9","14","64.3%","FANG","Nasdaq 100","199.22","-0.17","-0.14%","0.82%","-0.2740","1.64","-0.0451","2.28","-0.0603","4.18","+0.3811","5.66","+0.3690","7.31","+0.0883","8.66","FALSE (Price $199.22 (20EMA: $201.12, 50SMA: $194.47))","TRUE (Headroom: $17.68 (3.2x ATR))","FALSE (0.97x 20d Avg Vol)","FALSE (RSI 39.1)","FALSE (MACD -0.79)","TRUE (ATR $5.46 (2.7%))","TRUE (+6.5% vs SPY (+-0.4%))","FALSE (Spread $0.49 (10.0%))","TRUE (Active Liquid Chain ($4.85))","TRUE (IV 35.1% (IV/HV 0.98))","TRUE (Delta 0.50 (Balanced))","TRUE (Theta -$0.21/d (4.3%))","TRUE (Calendar Clear (>7d))","TRUE (BE +$5.63 <= Exp Move +$13.71)"
"9","14","64.3%","CTAS","Nasdaq 100","200.47","-0.18","-0.11%","0.60%","-0.2180","1.20","-0.8476","1.22","-0.0207","2.53","-0.2386","3.51","+0.6368","8.48","+0.2515","11.28","FALSE (Price $200.47 (20EMA: $201.75, 50SMA: $196.93))","TRUE (Headroom: $7.04 (2.1x ATR))","FALSE (0.79x 20d Avg Vol)","TRUE (RSI 55.4 (Bullish))","FALSE (MACD -0.94)","TRUE (ATR $3.32 (1.7%))","FALSE (-1.0% vs SPY (-0.4%))","FALSE (Spread $0.40 (10.0%))","TRUE (Active Liquid Chain ($4.00))","TRUE (IV 29.6% (IV/HV 1.37))","TRUE (Delta 0.54 (Balanced))","TRUE (Theta -$0.18/d (4.5%))","TRUE (Calendar Clear (>7d))","TRUE (BE +$3.53 <= Exp Move +$11.62)"
"8","14","57.1%","FER","Nasdaq 100","58.05","-0.21","-0.10%","0.48%","-0.0600","0.28","-0.5492","1.01","-0.4838","0.89","-0.2576","1.92","-0.1380","2.05","-0.0345","2.94","FALSE (Price $58.05 (20EMA: $60.97, 50SMA: $63.79))","TRUE (Headroom: $8.58 (8.1x ATR))","FALSE (0.89x 20d Avg Vol)","FALSE (RSI 19.8)","FALSE (MACD -0.43)","TRUE (ATR $1.06 (1.8%))","FALSE (-12.7% vs SPY (-0.4%))","TRUE (Spread $0.04 (10.0%))","TRUE (Active Liquid Chain ($0.40))","TRUE (IV 29.2% (IV/HV 1.13))","TRUE (Delta 0.30 (Balanced))","FALSE (Theta -$0.04/d (10.9%))","TRUE (Calendar Clear (>7d))","TRUE (BE +$2.35 <= Exp Move +$3.33)"
"10","14","71.4%","NFLX","Nasdaq 100 / S&P 500","78.25","-0.24","-0.48%","1.97%","-0.3740","1.54","-0.0253","1.34","+0.3330","1.55","+0.3890","1.39","+0.0493","4.05","-0.2187","5.65","FALSE (Price $78.25 (20EMA: $79.25, 50SMA: $75.44))","TRUE (Headroom: $5.35 (2.3x ATR))","FALSE (1.43x 20d Avg Vol)","TRUE (RSI 55.9 (Bullish))","FALSE (MACD -0.07)","TRUE (ATR $2.33 (3.0%))","TRUE (+5.5% vs SPY (+-0.4%))","TRUE (Spread $0.12 (10.0%))","TRUE (Active Liquid Chain ($1.25))","TRUE (IV 33.8% (IV/HV 0.98))","TRUE (Delta 0.39 (Balanced))","FALSE (Theta -$0.08/d (6.0%))","TRUE (Calendar Clear (>7d))","TRUE (BE +$3.00 <= Exp Move +$5.19)"
"8","14","57.1%","HD","Dow 30 / S&P 500","321.05","-0.26","-0.25%","0.97%","-0.8124","3.11","-2.1597","2.88","-1.5270","3.63","-0.7381","7.41","+0.0049","10.34","+0.0908","13.44","FALSE (Price $321.05 (20EMA: $329.18, 50SMA: $336.73))","TRUE (Headroom: $34.69 (4.8x ATR))","FALSE (0.62x 20d Avg Vol)","FALSE (RSI 34.9)","FALSE (MACD -1.94)","TRUE (ATR $7.29 (2.3%))","FALSE (-9.1% vs SPY (-0.4%))","FALSE (Spread $0.73 (10.0%))","TRUE (Active Liquid Chain ($7.28))","TRUE (IV 29.3% (IV/HV 1.19))","TRUE (Delta 0.55 (Balanced))","TRUE (Theta -$0.28/d (3.9%))","TRUE (Calendar Clear (>7d))","TRUE (BE +$6.23 <= Exp Move +$18.40)"
"9","14","64.3%","CCEP","Nasdaq 100","105.76","-0.29","-0.28%","0.95%","-0.2970","1.01","-0.3056","0.90","+0.0821","1.16","-0.0566","1.50","+0.1855","2.53","+0.1454","3.98","FALSE (Price $105.76 (20EMA: $107.73, 50SMA: $106.87))","TRUE (Headroom: $4.81 (2.5x ATR))","FALSE (1.47x 20d Avg Vol)","TRUE (RSI 50.6 (Bullish))","FALSE (MACD -0.28)","TRUE (ATR $1.89 (1.8%))","FALSE (-2.3% vs SPY (-0.4%))","FALSE (Spread $0.51 (10.0%))","TRUE (Active Liquid Chain ($5.11))","TRUE (IV 25.2% (IV/HV 1.03))","TRUE (Delta 0.58 (Balanced))","TRUE (Theta -$0.08/d (1.6%))","TRUE (Calendar Clear (>7d))","TRUE (BE +$4.35 <= Exp Move +$5.21)"
"9","14","64.3%","XOM","S&P 500","159.47","-0.30","-0.33%","1.10%","-0.5300","1.76","+0.1705","2.82","+0.0808","3.06","+0.3541","3.27","+0.4508","5.25","+0.0101","8.25","FALSE (Price $159.47 (20EMA: $159.87, 50SMA: $152.29))","TRUE (Headroom: $9.17 (2.8x ATR))","FALSE (1.15x 20d Avg Vol)","FALSE (RSI 46.6)","FALSE (MACD -0.56)","TRUE (ATR $3.33 (2.1%))","TRUE (+4.9% vs SPY (+-0.4%))","FALSE (Spread $0.30 (10.0%))","TRUE (Active Liquid Chain ($3.00))","TRUE (IV 28.3% (IV/HV 1.12))","TRUE (Delta 0.50 (Balanced))","TRUE (Theta -$0.14/d (4.6%))","TRUE (Calendar Clear (>7d))","TRUE (BE +$3.53 <= Exp Move +$8.85)"
"8","14","57.1%","CSX","Nasdaq 100","49.41","-0.30","-0.39%","1.28%","-0.1910","0.63","-0.3469","0.61","-0.0252","0.88","-0.0207","0.78","+0.0714","1.22","+0.1010","1.24","FALSE (Price $49.41 (20EMA: $50.14, 50SMA: $50.02))","TRUE (Headroom: $2.60 (2.5x ATR))","FALSE (0.85x 20d Avg Vol)","FALSE (RSI 41.2)","FALSE (MACD -0.28)","TRUE (ATR $1.04 (2.1%))","FALSE (-1.4% vs SPY (-0.4%))","TRUE (Spread $0.12 (10.0%))","TRUE (Active Liquid Chain ($1.17))","TRUE (IV 29.2% (IV/HV 1.57))","TRUE (Delta 0.58 (Balanced))","TRUE (Theta -$0.04/d (3.7%))","FALSE (Upcoming Catalyst / IV Spike)","TRUE (BE +$0.76 <= Exp Move +$2.83)"
"11","14","78.6%","NOW","S&P 500","141.26","-0.31","-0.76%","2.50%","-1.0770","3.53","+1.9413","5.45","+1.1831","5.45","+1.1682","4.74","+0.6872","7.84","+0.2158","12.13","TRUE (P ($141.26) > 20EMA ($132.24) > 50SMA ($117.02))","FALSE (Headroom: $8.34 (1.2x ATR))","FALSE (0.71x 20d Avg Vol)","TRUE (RSI 68.8 (Bullish))","TRUE (MACD +0.70 (Crossed Above))","TRUE (ATR $6.72 (4.8%))","TRUE (+13.1% vs SPY (+-0.4%))","FALSE (Spread $0.60 (10.0%))","TRUE (Active Liquid Chain ($6.00))","TRUE (IV 51.9% (IV/HV 0.86))","TRUE (Delta 0.56 (Balanced))","TRUE (Theta -$0.21/d (3.5%))","TRUE (Calendar Clear (>7d))","TRUE (BE +$4.74 <= Exp Move +$14.37)"
"9","14","64.3%","FDX","S&P 500","322.52","-0.31","-0.32%","1.04%","-1.0330","3.34","-1.7569","2.88","-0.2648","5.13","+0.6999","7.04","+0.0544","9.04","+0.3213","10.95","FALSE (Price $322.52 (20EMA: $325.40, 50SMA: $319.44))","TRUE (Headroom: $19.17 (2.4x ATR))","FALSE (1.26x 20d Avg Vol)","FALSE (RSI 40.5)","FALSE (MACD -1.50)","TRUE (ATR $7.83 (2.4%))","TRUE (+1.2% vs SPY (+-0.4%))","FALSE (Spread $0.71 (10.0%))","TRUE (Active Liquid Chain ($7.09))","TRUE (IV 31.1% (IV/HV 1.37))","TRUE (Delta 0.58 (Balanced))","TRUE (Theta -$0.30/d (4.2%))","TRUE (Calendar Clear (>7d))","TRUE (BE +$4.57 <= Exp Move +$19.64)"
"8","14","57.1%","MAR","Nasdaq 100","336.51","-0.34","-0.27%","0.78%","-0.8980","2.64","-3.3942","3.74","-0.8862","7.09","-1.0830","8.95","-0.8171","8.03","+0.2274","19.33","FALSE (Price $336.51 (20EMA: $349.29, 50SMA: $361.34))","TRUE (Headroom: $27.86 (4.3x ATR))","FALSE (0.83x 20d Avg Vol)","FALSE (RSI 27.1)","FALSE (MACD -1.75)","TRUE (ATR $6.52 (1.9%))","FALSE (-4.7% vs SPY (-0.4%))","FALSE (Spread $0.56 (10.0%))","TRUE (Active Liquid Chain ($5.60))","TRUE (IV 27.5% (IV/HV 0.91))","TRUE (Delta 0.45 (Balanced))","TRUE (Theta -$0.28/d (4.9%))","TRUE (Calendar Clear (>7d))","TRUE (BE +$9.09 <= Exp Move +$18.14)"
"8","14","57.1%","DHR","S&P 500","207.66","-0.36","-0.37%","1.02%","-0.7700","2.12","-0.9554","1.96","+0.3770","4.95","+0.6776","4.60","+0.5362","6.04","+0.1975","10.96","FALSE (Price $207.66 (20EMA: $209.06, 50SMA: $201.63))","FALSE (Headroom: $13.01 (2.0x ATR))","FALSE (0.93x 20d Avg Vol)","TRUE (RSI 55.6 (Bullish))","FALSE (MACD -1.10)","TRUE (ATR $6.55 (3.2%))","TRUE (+1.4% vs SPY (+-0.4%))","FALSE (Spread $0.35 (10.0%))","TRUE (Active Liquid Chain ($3.50))","TRUE (IV 31.7% (IV/HV 1.12))","TRUE (Delta 0.45 (Balanced))","FALSE (Theta -$0.19/d (5.6%))","TRUE (Calendar Clear (>7d))","TRUE (BE +$5.84 <= Exp Move +$12.89)"
"8","14","57.1%","CL","S&P 500","88.77","-0.38","-0.18%","0.48%","-0.1640","0.43","-0.3480","0.45","-0.1556","0.79","-0.0965","0.98","+0.0212","1.61","+0.0693","2.30","FALSE (Price $88.77 (20EMA: $90.79, 50SMA: $91.67))","TRUE (Headroom: $5.11 (3.2x ATR))","FALSE (1.03x 20d Avg Vol)","FALSE (RSI 44.0)","FALSE (MACD -0.25)","TRUE (ATR $1.58 (1.8%))","FALSE (-4.8% vs SPY (-0.4%))","TRUE (Spread $0.10 (10.0%))","TRUE (Active Liquid Chain ($1.00))","TRUE (IV 25.9% (IV/HV 1.37))","TRUE (Delta 0.42 (Balanced))","FALSE (Theta -$0.07/d (6.8%))","TRUE (Calendar Clear (>7d))","TRUE (BE +$2.23 <= Exp Move +$4.51)"
"10","14","71.4%","PLTR","Nasdaq 100 / S&P 500","174.33","-0.42","-1.23%","2.96%","-2.1490","5.16","-0.0217","5.77","+0.3489","4.59","+1.9531","12.50","+1.1040","13.55","+0.1269","17.48","TRUE (P ($174.33) > 20EMA ($172.58) > 50SMA ($149.89))","FALSE (Headroom: $14.04 (1.7x ATR))","FALSE (0.84x 20d Avg Vol)","TRUE (RSI 51.3 (Bullish))","FALSE (MACD -1.80)","TRUE (ATR $8.24 (4.7%))","TRUE (+1.3% vs SPY (+-0.4%))","FALSE (Spread $0.57 (10.0%))","TRUE (Active Liquid Chain ($5.72))","TRUE (IV 47.0% (IV/HV 0.49))","TRUE (Delta 0.51 (Balanced))","TRUE (Theta -$0.24/d (4.2%))","TRUE (Calendar Clear (>7d))","TRUE (BE +$6.39 <= Exp Move +$16.05)"
"11","14","78.6%","KHC","Nasdaq 100","24.85","-0.42","-0.51%","1.21%","-0.1275","0.30","+0.0384","0.37","+0.0435","0.36","-0.0346","0.65","+0.0366","0.86","+0.0379","0.81","FALSE (Price $24.85 (20EMA: $25.09, 50SMA: $25.04))","FALSE (Headroom: $1.17 (1.9x ATR))","FALSE (1.34x 20d Avg Vol)","TRUE (RSI 55.4 (Bullish))","TRUE (MACD +0.01 (Crossed Above))","TRUE (ATR $0.62 (2.5%))","TRUE (-0.3% vs SPY (-0.4%))","TRUE (Spread $0.05 (10.0%))","TRUE (Active Liquid Chain ($0.46))","TRUE (IV 29.4% (IV/HV 0.84))","TRUE (Delta 0.48 (Balanced))","TRUE (Theta -$0.02/d (4.8%))","TRUE (Calendar Clear (>7d))","TRUE (BE +$0.61 <= Exp Move +$1.43)"
"11","14","78.6%","DIS","Dow 30 / S&P 500","105.31","-0.43","-0.34%","0.78%","-0.3540","0.82","-0.5268","0.99","+0.2176","1.96","+0.4148","2.32","+0.1694","3.40","+0.0379","3.83","FALSE (Price $105.31 (20EMA: $105.97, 50SMA: $101.18))","TRUE (Headroom: $6.56 (2.9x ATR))","FALSE (0.80x 20d Avg Vol)","TRUE (RSI 54.6 (Bullish))","FALSE (MACD -0.48)","TRUE (ATR $2.27 (2.2%))","TRUE (+0.4% vs SPY (+-0.4%))","TRUE (Spread $0.20 (10.0%))","TRUE (Active Liquid Chain ($1.97))","TRUE (IV 25.0% (IV/HV 0.90))","TRUE (Delta 0.55 (Balanced))","TRUE (Theta -$0.08/d (4.1%))","TRUE (Calendar Clear (>7d))","TRUE (BE +$1.66 <= Exp Move +$5.16)"
"8","14","57.1%","LLY","S&P 500","1149.36","-0.44","-0.13%","0.30%","-1.5140","3.48","-9.7538","15.27","-3.8473","30.25","+0.1521","39.42","+0.9656","37.44","+2.9349","54.51","FALSE (Price $1149.36 (20EMA: $1185.40, 50SMA: $1190.35))","TRUE (Headroom: $143.29 (4.1x ATR))","FALSE (0.89x 20d Avg Vol)","FALSE (RSI 43.4)","FALSE (MACD -9.62)","TRUE (ATR $35.17 (3.1%))","FALSE (-2.9% vs SPY (-0.4%))","FALSE (Spread $2.62 (10.0%))","TRUE (Active Liquid Chain ($26.20))","TRUE (IV 33.0% (IV/HV 0.94))","TRUE (Delta 0.52 (Balanced))","TRUE (Theta -$1.14/d (4.3%))","TRUE (Calendar Clear (>7d))","TRUE (BE +$26.84 <= Exp Move +$74.31)"
"10","14","71.4%","CTSH","Nasdaq 100","62.31","-0.45","-0.53%","1.17%","-0.3290","0.73","+0.1093","0.83","+0.3936","1.23","+0.4619","1.62","+0.3593","5.23","-0.0381","7.07","TRUE (P ($62.31) > 20EMA ($60.74) > 50SMA ($52.25))","FALSE (Headroom: $3.11 (1.5x ATR))","FALSE (0.68x 20d Avg Vol)","TRUE (RSI 70.1 (Bullish))","FALSE (MACD -0.31)","TRUE (ATR $2.09 (3.3%))","TRUE (+8.7% vs SPY (+-0.4%))","FALSE (Spread $0.37 (10.0%))","TRUE (Active Liquid Chain ($3.72))","TRUE (IV 51.5% (IV/HV 1.09))","TRUE (Delta 0.67 (Balanced))","TRUE (Theta -$0.09/d (2.3%))","TRUE (Calendar Clear (>7d))","TRUE (BE +$1.41 <= Exp Move +$6.28)"
"8","14","57.1%","AXON","Nasdaq 100","515.67","-0.46","-1.59%","3.47%","-8.1930","17.89","-12.5965","20.38","-5.0257","27.40","+0.4121","41.50","+2.3498","50.35","+1.5111","60.23","FALSE (Price $515.67 (20EMA: $569.89, 50SMA: $566.83))","TRUE (Headroom: $135.94 (4.5x ATR))","FALSE (0.79x 20d Avg Vol)","FALSE (RSI 35.2)","FALSE (MACD -14.39)","TRUE (ATR $30.41 (5.9%))","FALSE (-9.7% vs SPY (-0.4%))","FALSE (Spread $2.07 (10.0%))","TRUE (Active Liquid Chain ($20.70))","TRUE (IV 59.2% (IV/HV 0.69))","TRUE (Delta 0.50 (Balanced))","TRUE (Theta -$0.88/d (4.3%))","TRUE (Calendar Clear (>7d))","TRUE (BE +$25.03 <= Exp Move +$59.74)"
"10","14","71.4%","DOW","Dow 30","29.44","-0.46","-0.77%","1.66%","-0.2260","0.49","-0.0161","0.53","-0.0255","0.72","+0.0479","0.79","-0.0073","1.60","-0.0871","2.35","FALSE (Price $29.44 (20EMA: $30.40, 50SMA: $29.69))","TRUE (Headroom: $3.58 (3.4x ATR))","FALSE (1.17x 20d Avg Vol)","FALSE (RSI 40.3)","FALSE (MACD -0.11)","TRUE (ATR $1.04 (3.5%))","TRUE (+1.5% vs SPY (+-0.4%))","TRUE (Spread $0.11 (10.0%))","TRUE (Active Liquid Chain ($1.08))","TRUE (IV 47.1% (IV/HV 1.21))","TRUE (Delta 0.59 (Balanced))","TRUE (Theta -$0.04/d (3.7%))","TRUE (Calendar Clear (>7d))","TRUE (BE +$0.64 <= Exp Move +$2.71)"
"8","14","57.1%","ORLY","Nasdaq 100","87.89","-0.47","-0.27%","0.58%","-0.2390","0.51","-0.3511","0.61","-0.2788","0.67","-0.1233","1.57","+0.0251","2.45","-0.0327","2.62","FALSE (Price $87.89 (20EMA: $89.08, 50SMA: $89.01))","TRUE (Headroom: $5.95 (3.2x ATR))","FALSE (0.82x 20d Avg Vol)","FALSE (RSI 39.6)","FALSE (MACD -0.39)","TRUE (ATR $1.85 (2.1%))","FALSE (-6.0% vs SPY (-0.4%))","TRUE (Spread $0.12 (10.0%))","TRUE (Active Liquid Chain ($1.21))","TRUE (IV 29.8% (IV/HV 1.26))","TRUE (Delta 0.37 (Balanced))","FALSE (Theta -$0.07/d (6.0%))","TRUE (Calendar Clear (>7d))","TRUE (BE +$3.32 <= Exp Move +$5.13)"
"10","14","71.4%","MA","S&P 500","579.21","-0.48","-0.27%","0.56%","-1.5590","3.25","-2.2485","2.86","+1.6431","9.00","+1.0538","8.90","+1.8797","10.73","+0.7411","21.42","FALSE (Price $579.21 (20EMA: $579.90, 50SMA: $557.57))","TRUE (Headroom: $22.02 (2.2x ATR))","FALSE (0.65x 20d Avg Vol)","TRUE (RSI 60.5 (Bullish))","FALSE (MACD -2.15)","TRUE (ATR $9.86 (1.7%))","TRUE (+2.9% vs SPY (+-0.4%))","FALSE (Spread $0.96 (10.0%))","TRUE (Active Liquid Chain ($9.60))","TRUE (IV 21.3% (IV/HV 1.05))","TRUE (Delta 0.51 (Balanced))","TRUE (Theta -$0.38/d (4.0%))","TRUE (Calendar Clear (>7d))","TRUE (BE +$10.39 <= Exp Move +$24.15)"
"7","14","50%","LITE","Nasdaq 100","881.26","-0.49","-1.01%","2.06%","-8.8590","18.12","-2.3737","36.40","+0.7474","43.32","+6.9382","63.32","+0.7110","76.10","+0.5324","94.66","FALSE (Price $881.26 (20EMA: $871.02, 50SMA: $816.39))","FALSE (Headroom: $118.42 (1.9x ATR))","FALSE (0.77x 20d Avg Vol)","FALSE (RSI 42.1)","FALSE (MACD -6.01)","TRUE (ATR $62.19 (7.1%))","FALSE (-1.0% vs SPY (-0.4%))","FALSE (Spread $4.60 (10.0%))","TRUE (Active Liquid Chain ($46.00))","TRUE (IV 71.0% (IV/HV 0.67))","TRUE (Delta 0.54 (Balanced))","TRUE (Theta -$1.80/d (3.9%))","TRUE (Calendar Clear (>7d))","TRUE (BE +$44.74 <= Exp Move +$122.61)"
"9","14","64.3%","CRWD","Nasdaq 100","213.10","-0.49","-1.68%","3.41%","-3.5900","7.26","+2.7518","13.09","-0.4033","13.86","+0.6785","14.24","+0.7648","11.99","+1.0948","14.55","TRUE (P ($213.10) > 20EMA ($208.40) > 50SMA ($200.81))","FALSE (Headroom: $20.78 (1.5x ATR))","FALSE (0.81x 20d Avg Vol)","FALSE (RSI 49.7)","TRUE (MACD +0.17 (Crossed Above))","TRUE (ATR $13.98 (6.6%))","FALSE (-0.6% vs SPY (-0.4%))","FALSE (Spread $0.97 (10.0%))","TRUE (Active Liquid Chain ($9.70))","TRUE (IV 50.9% (IV/HV 0.65))","TRUE (Delta 0.59 (Balanced))","TRUE (Theta -$0.31/d (3.2%))","TRUE (Calendar Clear (>7d))","TRUE (BE +$6.60 <= Exp Move +$21.24)"
"7","14","50%","HON","Dow 30 / Nasdaq 100 / S&P 500","209.61","-0.49","-0.49%","0.98%","-1.0190","2.06","-1.2783","3.21","-1.5939","3.71","-1.4951","4.39","-0.1927","10.50","-0.0994","9.70","FALSE (Price $209.61 (20EMA: $219.40, 50SMA: $228.43))","TRUE (Headroom: $35.90 (8.0x ATR))","FALSE (0.94x 20d Avg Vol)","FALSE (RSI 24.4)","FALSE (MACD -1.33)","TRUE (ATR $4.46 (2.1%))","FALSE (-14.6% vs SPY (-0.4%))","FALSE (Spread $0.40 (10.0%))","TRUE (Active Liquid Chain ($3.97))","TRUE (IV 38.6% (IV/HV 1.39))","TRUE (Delta 0.52 (Balanced))","FALSE (Theta -$0.24/d (6.0%))","TRUE (Calendar Clear (>7d))","TRUE (BE +$4.36 <= Exp Move +$15.83)"
"8","14","57.1%","MDLZ","Nasdaq 100 / S&P 500","61.28","-0.50","-0.28%","0.57%","-0.1740","0.35","-0.2855","0.47","-0.0430","1.00","-0.0030","1.03","+0.0451","1.43","+0.0556","1.51","FALSE (Price $61.28 (20EMA: $62.38, 50SMA: $61.51))","TRUE (Headroom: $4.27 (3.5x ATR))","FALSE (1.15x 20d Avg Vol)","FALSE (RSI 44.2)","FALSE (MACD -0.31)","TRUE (ATR $1.21 (2.0%))","FALSE (-2.1% vs SPY (-0.4%))","TRUE (Spread $0.21 (10.0%))","TRUE (Active Liquid Chain ($2.11))","TRUE (IV 36.9% (IV/HV 1.50))","TRUE (Delta 0.64 (Balanced))","TRUE (Theta -$0.06/d (3.0%))","FALSE (Upcoming Catalyst / IV Spike)","TRUE (BE +$0.83 <= Exp Move +$4.42)"
"8","14","57.1%","BLK","S&P 500","1122.29","-0.55","-0.61%","1.10%","-6.8590","12.37","-7.6621","10.59","-1.3762","18.65","+1.8366","25.65","+3.1096","34.25","+1.4086","42.78","FALSE (Price $1122.29 (20EMA: $1138.28, 50SMA: $1092.07))","TRUE (Headroom: $64.88 (2.9x ATR))","FALSE (0.74x 20d Avg Vol)","FALSE (RSI 42.3)","FALSE (MACD -9.44)","TRUE (ATR $22.03 (2.0%))","FALSE (-1.2% vs SPY (-0.4%))","FALSE (Spread $3.55 (10.0%))","TRUE (Active Liquid Chain ($35.49))","TRUE (IV 24.9% (IV/HV 1.08))","TRUE (Delta 0.54 (Balanced))","TRUE (Theta -$0.86/d (2.4%))","TRUE (Calendar Clear (>7d))","TRUE (BE +$33.20 <= Exp Move +$54.77)"
"10","14","71.4%","UPS","S&P 500","102.29","-0.58","-0.30%","0.51%","-0.3040","0.52","-0.2346","1.08","+0.0644","1.15","-0.0568","1.90","-0.0739","3.54","+0.1009","4.35","FALSE (Price $102.29 (20EMA: $103.92, 50SMA: $106.52))","TRUE (Headroom: $4.82 (2.6x ATR))","FALSE (0.74x 20d Avg Vol)","TRUE (RSI 51.3 (Bullish))","TRUE (MACD +0.08 (Crossed Above))","TRUE (ATR $1.89 (1.8%))","FALSE (-0.6% vs SPY (-0.4%))","FALSE (Spread $0.33 (10.0%))","TRUE (Active Liquid Chain ($3.30))","TRUE (IV 27.7% (IV/HV 0.95))","TRUE (Delta 0.68 (Balanced))","TRUE (Theta -$0.08/d (2.4%))","TRUE (Calendar Clear (>7d))","TRUE (BE +$1.01 <= Exp Move +$5.55)"
"10","14","71.4%","PEP","Nasdaq 100 / S&P 500","137.63","-0.59","-0.16%","0.28%","-0.2226","0.38","-0.4482","0.88","+0.0650","1.72","+0.0285","1.71","-0.0304","2.72","-0.1587","3.51","FALSE (Price $137.63 (20EMA: $138.97, 50SMA: $138.20))","TRUE (Headroom: $6.73 (3.0x ATR))","FALSE (0.93x 20d Avg Vol)","TRUE (RSI 52.5 (Bullish))","FALSE (MACD -0.26)","TRUE (ATR $2.21 (1.6%))","TRUE (+0.1% vs SPY (+-0.4%))","TRUE (Spread $0.11 (10.0%))","TRUE (Active Liquid Chain ($1.12))","TRUE (IV 20.9% (IV/HV 1.16))","TRUE (Delta 0.36 (Balanced))","FALSE (Theta -$0.08/d (7.3%))","TRUE (Calendar Clear (>7d))","TRUE (BE +$3.49 <= Exp Move +$5.63)"
"9","14","64.3%","ABT","S&P 500","108.33","-0.66","-0.39%","0.59%","-0.4200","0.64","-0.9375","0.94","-0.0395","2.59","+0.2331","2.71","+0.4897","3.33","+0.0819","9.06","FALSE (Price $108.33 (20EMA: $110.30, 50SMA: $104.21))","TRUE (Headroom: $9.01 (3.2x ATR))","FALSE (0.94x 20d Avg Vol)","FALSE (RSI 44.9)","FALSE (MACD -1.21)","TRUE (ATR $2.79 (2.6%))","TRUE (+0.5% vs SPY (+-0.4%))","TRUE (Spread $0.13 (10.0%))","TRUE (Active Liquid Chain ($1.30))","TRUE (IV 25.3% (IV/HV 1.15))","TRUE (Delta 0.40 (Balanced))","FALSE (Theta -$0.08/d (6.2%))","TRUE (Calendar Clear (>7d))","TRUE (BE +$2.97 <= Exp Move +$5.37)"
"7","14","50%","BKNG","Nasdaq 100 / S&P 500","193.29","-0.72","-0.63%","0.87%","-1.2160","1.69","-2.3320","2.29","-0.9571","3.85","+0.1415","8.02","+0.7622","8.24","+0.2954","11.97","FALSE (Price $193.29 (20EMA: $201.93, 50SMA: $194.25))","TRUE (Headroom: $24.03 (4.0x ATR))","FALSE (1.31x 20d Avg Vol)","FALSE (RSI 38.6)","FALSE (MACD -2.91)","TRUE (ATR $6.08 (3.1%))","FALSE (-9.9% vs SPY (-0.4%))","FALSE (Spread $0.40 (10.0%))","TRUE (Active Liquid Chain ($4.00))","TRUE (IV 48.0% (IV/HV 1.14))","TRUE (Delta 0.49 (Balanced))","FALSE (Theta -$0.27/d (6.8%))","TRUE (Calendar Clear (>7d))","TRUE (BE +$5.71 <= Exp Move +$18.19)"
"11","14","78.6%","ROP","Nasdaq 100","407.28","-0.73","-0.75%","1.03%","-3.0680","4.20","-0.0810","5.67","+1.4138","6.80","+1.1806","7.06","+1.6876","10.06","+0.4868","22.51","FALSE (Price $407.28 (20EMA: $408.82, 50SMA: $383.95))","TRUE (Headroom: $22.32 (2.2x ATR))","FALSE (0.93x 20d Avg Vol)","TRUE (RSI 62.0 (Bullish))","FALSE (MACD -1.60)","TRUE (ATR $10.14 (2.5%))","TRUE (+1.3% vs SPY (+-0.4%))","TRUE (Spread $0.93 (10.0%))","TRUE (Active Liquid Chain ($9.30))","TRUE (IV 37.4% (IV/HV 1.22))","TRUE (Delta 0.49 (Balanced))","TRUE (Theta -$0.45/d (4.8%))","TRUE (Calendar Clear (>7d))","TRUE (BE +$12.02 <= Exp Move +$29.85)"
"7","14","50%","SBUX","Nasdaq 100 / S&P 500","104.47","-0.73","-0.37%","0.51%","-0.3890","0.53","-0.2457","0.87","-0.0157","1.33","+0.1095","1.37","+0.1192","1.79","+0.1054","3.50","FALSE (Price $104.47 (20EMA: $106.06, 50SMA: $105.03))","TRUE (Headroom: $5.41 (2.2x ATR))","FALSE (0.84x 20d Avg Vol)","FALSE (RSI 40.5)","FALSE (MACD -0.31)","TRUE (ATR $2.49 (2.4%))","FALSE (-0.5% vs SPY (-0.4%))","TRUE (Spread $0.19 (10.0%))","TRUE (Active Liquid Chain ($1.92))","TRUE (IV 33.9% (IV/HV 1.65))","TRUE (Delta 0.49 (Balanced))","FALSE (Theta -$0.11/d (5.5%))","FALSE (Upcoming Catalyst / IV Spike)","TRUE (BE +$2.45 <= Exp Move +$6.94)"
"9","14","64.3%","MPWR","Nasdaq 100","1223.86","-0.76","-0.82%","1.07%","-10.0130","13.10","-11.2150","17.50","-10.6411","24.26","-3.9919","51.61","-3.5876","68.83","+0.7560","175.41","FALSE (Price $1223.86 (20EMA: $1289.92, 50SMA: $1328.45))","TRUE (Headroom: $241.13 (5.1x ATR))","TRUE (1.10x Avg Vol (Up Day))","FALSE (RSI 20.0)","FALSE (MACD -10.29)","TRUE (ATR $47.10 (3.8%))","FALSE (-12.7% vs SPY (-0.4%))","FALSE (Spread $4.71 (10.0%))","TRUE (Active Liquid Chain ($47.07))","TRUE (IV 53.5% (IV/HV 1.08))","TRUE (Delta 0.54 (Balanced))","TRUE (Theta -$1.90/d (4.0%))","TRUE (Calendar Clear (>7d))","TRUE (BE +$43.21 <= Exp Move +$128.35)"
"9","14","64.3%","ODFL","Nasdaq 100","185.87","-0.83","-1.53%","1.86%","-2.8530","3.45","-1.9332","3.11","-1.4945","3.13","-1.1712","4.03","-0.6474","8.80","+0.1569","15.70","FALSE (Price $185.87 (20EMA: $200.10, 50SMA: $214.31))","TRUE (Headroom: $33.53 (5.1x ATR))","TRUE (1.45x Avg Vol (Up Day))","FALSE (RSI 15.9)","FALSE (MACD -1.44)","TRUE (ATR $6.52 (3.5%))","FALSE (-14.0% vs SPY (-0.4%))","FALSE (Spread $0.58 (10.0%))","TRUE (Active Liquid Chain ($5.80))","TRUE (IV 41.9% (IV/HV 1.31))","TRUE (Delta 0.55 (Balanced))","TRUE (Theta -$0.23/d (3.9%))","TRUE (Calendar Clear (>7d))","TRUE (BE +$4.93 <= Exp Move +$15.27)"
"7","14","50%","UNP","S&P 500","289.62","-0.83","-0.81%","0.98%","-2.3570","2.84","-2.7384","3.12","+0.0785","7.08","+0.2777","6.13","+0.6698","8.16","+0.5441","7.48","FALSE (Price $289.62 (20EMA: $296.79, 50SMA: $292.36))","TRUE (Headroom: $23.08 (3.8x ATR))","FALSE (0.55x 20d Avg Vol)","FALSE (RSI 36.9)","FALSE (MACD -2.35)","TRUE (ATR $6.06 (2.1%))","FALSE (-0.7% vs SPY (-0.4%))","TRUE (Spread $0.51 (10.0%))","TRUE (Active Liquid Chain ($5.10))","TRUE (IV 33.0% (IV/HV 1.71))","TRUE (Delta 0.52 (Balanced))","FALSE (Theta -$0.29/d (5.6%))","FALSE (Upcoming Catalyst / IV Spike)","TRUE (BE +$5.48 <= Exp Move +$18.69)"
"10","14","71.4%","WBD","Nasdaq 100","28.25","-0.85","-0.18%","0.21%","-0.0510","0.06","-0.0696","0.11","+0.0650","0.40","+0.1269","0.50","+0.0328","0.80","+0.0003","0.74","TRUE (P ($28.25) > 20EMA ($28.10) > 50SMA ($27.10))","TRUE (Headroom: $0.74 (2.3x ATR))","FALSE (0.63x 20d Avg Vol)","TRUE (RSI 56.1 (Bullish))","FALSE (MACD -0.08)","FALSE (ATR $0.32 (1.1%))","TRUE (+5.5% vs SPY (+-0.4%))","TRUE (Spread $0.07 (10.0%))","TRUE (Active Liquid Chain ($0.65))","TRUE (IV 36.3% (IV/HV 2.06))","TRUE (Delta 0.57 (Balanced))","TRUE (Theta -$0.03/d (4.6%))","FALSE (Upcoming Catalyst / IV Spike)","TRUE (BE +$0.40 <= Exp Move +$2.01)"
"7","14","50%","PM","S&P 500","182.53","-0.86","-0.58%","0.67%","-1.0520","1.23","-1.0909","1.58","+0.0152","2.98","-0.1825","3.51","+0.2128","4.72","+0.2753","6.80","FALSE (Price $182.53 (20EMA: $188.46, 50SMA: $187.93))","TRUE (Headroom: $14.13 (3.4x ATR))","FALSE (0.77x 20d Avg Vol)","FALSE (RSI 46.9)","FALSE (MACD -0.88)","TRUE (ATR $4.21 (2.3%))","FALSE (-3.7% vs SPY (-0.4%))","FALSE (Spread $0.26 (10.0%))","TRUE (Active Liquid Chain ($2.59))","TRUE (IV 27.2% (IV/HV 1.13))","TRUE (Delta 0.42 (Balanced))","FALSE (Theta -$0.15/d (5.6%))","TRUE (Calendar Clear (>7d))","TRUE (BE +$5.06 <= Exp Move +$9.71)"
"8","14","57.1%","SPG","S&P 500","209.44","-0.94","-0.29%","0.31%","-0.6110","0.65","-1.2106","0.92","-0.6331","2.03","-0.7544","2.44","-0.0005","6.63","+0.3503","7.56","FALSE (Price $209.44 (20EMA: $216.64, 50SMA: $222.57))","TRUE (Headroom: $14.22 (4.8x ATR))","FALSE (0.72x 20d Avg Vol)","FALSE (RSI 25.4)","FALSE (MACD -0.95)","TRUE (ATR $2.96 (1.4%))","FALSE (-6.0% vs SPY (-0.4%))","TRUE (Spread $0.23 (10.0%))","TRUE (Active Liquid Chain ($2.34))","TRUE (IV 17.9% (IV/HV 1.18))","TRUE (Delta 0.50 (Balanced))","FALSE (Theta -$0.12/d (5.1%))","TRUE (Calendar Clear (>7d))","TRUE (BE +$2.90 <= Exp Move +$7.33)"
"9","14","64.3%","DDOG","Nasdaq 100","212.93","-0.98","-2.69%","2.73%","-5.7300","5.82","-1.9550","8.97","-2.0172","7.64","-1.7831","12.42","-0.0488","18.08","+1.3097","30.68","FALSE (Price $212.93 (20EMA: $232.65, 50SMA: $249.23))","TRUE (Headroom: $50.06 (4.2x ATR))","FALSE (0.60x 20d Avg Vol)","FALSE (RSI 31.2)","FALSE (MACD -2.47)","TRUE (ATR $11.79 (5.5%))","FALSE (-9.0% vs SPY (-0.4%))","TRUE (Spread $1.00 (10.0%))","TRUE (Active Liquid Chain ($10.00))","TRUE (IV 54.2% (IV/HV 0.62))","TRUE (Delta 0.58 (Balanced))","TRUE (Theta -$0.33/d (3.3%))","TRUE (Calendar Clear (>7d))","TRUE (BE +$7.07 <= Exp Move +$22.62)"
"8","14","57.1%","ISRG","Nasdaq 100 / S&P 500","366.70","-1.01","-0.54%","0.53%","-1.9740","1.95","-0.3503","2.71","-1.9323","5.81","+0.2765","13.96","-0.7613","20.26","-1.0265","16.90","FALSE (Price $366.70 (20EMA: $375.36, 50SMA: $381.01))","TRUE (Headroom: $38.64 (3.4x ATR))","FALSE (0.91x 20d Avg Vol)","FALSE (RSI 33.6)","FALSE (MACD -1.17)","TRUE (ATR $11.52 (3.1%))","FALSE (-3.2% vs SPY (-0.4%))","TRUE (Spread $0.68 (10.0%))","TRUE (Active Liquid Chain ($6.80))","TRUE (IV 37.0% (IV/HV 1.00))","TRUE (Delta 0.48 (Balanced))","FALSE (Theta -$0.40/d (5.9%))","TRUE (Calendar Clear (>7d))","TRUE (BE +$10.10 <= Exp Move +$26.59)"
"10","14","71.4%","FTNT","Nasdaq 100","156.29","-1.01","-2.22%","2.19%","-3.4770","3.43","+0.0893","6.99","-0.0303","6.04","+0.0677","5.89","+0.2391","6.07","+0.8488","12.93","FALSE (Price $156.29 (20EMA: $159.16, 50SMA: $158.78))","TRUE (Headroom: $17.60 (2.5x ATR))","FALSE (0.70x 20d Avg Vol)","TRUE (RSI 50.3 (Bullish))","FALSE (MACD -0.48)","TRUE (ATR $7.09 (4.5%))","FALSE (-2.1% vs SPY (-0.4%))","TRUE (Spread $0.62 (10.0%))","TRUE (Active Liquid Chain ($6.25))","TRUE (IV 50.2% (IV/HV 1.02))","TRUE (Delta 0.56 (Balanced))","TRUE (Theta -$0.23/d (3.6%))","TRUE (Calendar Clear (>7d))","TRUE (BE +$4.96 <= Exp Move +$15.37)"
"8","14","57.1%","ADP","Nasdaq 100","277.62","-1.10","-0.61%","0.56%","-1.7040","1.55","-0.2988","2.47","+0.7801","4.01","+0.7488","4.07","+1.1925","6.69","+0.7310","10.88","FALSE (Price $277.62 (20EMA: $277.65, 50SMA: $262.00))","FALSE (Headroom: $10.38 (1.9x ATR))","FALSE (1.08x 20d Avg Vol)","TRUE (RSI 64.7 (Bullish))","FALSE (MACD -1.24)","TRUE (ATR $5.49 (2.0%))","TRUE (+2.3% vs SPY (+-0.4%))","FALSE (Spread $0.39 (10.0%))","TRUE (Active Liquid Chain ($3.85))","TRUE (IV 33.5% (IV/HV 1.28))","TRUE (Delta 0.47 (Balanced))","FALSE (Theta -$0.28/d (7.2%))","TRUE (Calendar Clear (>7d))","TRUE (BE +$6.23 <= Exp Move +$18.20)"
"9","14","64.3%","ZS","Nasdaq 100","169.80","-1.10","-2.22%","2.02%","-3.7740","3.43","-0.0074","6.92","-0.2817","5.89","+1.0268","8.99","+1.0430","7.67","+0.2478","15.92","FALSE (Price $169.80 (20EMA: $174.92, 50SMA: $160.96))","TRUE (Headroom: $21.17 (2.2x ATR))","FALSE (2.68x 20d Avg Vol)","FALSE (RSI 41.6)","FALSE (MACD -2.09)","TRUE (ATR $9.47 (5.6%))","TRUE (+0.7% vs SPY (+-0.4%))","FALSE (Spread $0.64 (10.0%))","TRUE (Active Liquid Chain ($6.40))","TRUE (IV 51.6% (IV/HV 0.89))","TRUE (Delta 0.52 (Balanced))","TRUE (Theta -$0.26/d (4.0%))","TRUE (Calendar Clear (>7d))","TRUE (BE +$6.60 <= Exp Move +$17.16)"
"11","14","78.6%","ADBE","Nasdaq 100 / S&P 500","266.51","-1.12","-1.98%","1.77%","-5.2890","4.73","+0.1129","8.37","+1.2160","7.94","+1.3191","7.32","+1.4205","13.26","+0.0897","21.95","FALSE (Price $266.51 (20EMA: $273.03, 50SMA: $248.85))","TRUE (Headroom: $28.02 (2.7x ATR))","FALSE (1.54x 20d Avg Vol)","TRUE (RSI 57.5 (Bullish))","FALSE (MACD -1.59)","TRUE (ATR $10.48 (3.9%))","TRUE (+0.5% vs SPY (+-0.4%))","TRUE (Spread $1.12 (10.0%))","TRUE (Active Liquid Chain ($11.19))","TRUE (IV 63.5% (IV/HV 1.23))","TRUE (Delta 0.49 (Balanced))","TRUE (Theta -$0.49/d (4.4%))","TRUE (Calendar Clear (>7d))","TRUE (BE +$14.68 <= Exp Move +$33.15)"
"8","14","57.1%","CSCO","Dow 30 / Nasdaq 100 / S&P 500","109.20","-1.12","-0.34%","0.30%","-0.3710","0.33","-0.2905","0.81","-0.5586","2.86","-0.3418","3.57","-0.1356","3.59","+0.3522","10.36","FALSE (Price $109.20 (20EMA: $111.80, 50SMA: $114.24))","TRUE (Headroom: $15.51 (7.6x ATR))","FALSE (0.63x 20d Avg Vol)","FALSE (RSI 35.9)","FALSE (MACD -0.30)","TRUE (ATR $2.04 (1.9%))","FALSE (-10.1% vs SPY (-0.4%))","TRUE (Spread $0.20 (10.0%))","TRUE (Active Liquid Chain ($1.96))","TRUE (IV 30.3% (IV/HV 0.86))","TRUE (Delta 0.48 (Balanced))","FALSE (Theta -$0.10/d (5.1%))","TRUE (Calendar Clear (>7d))","TRUE (BE +$2.76 <= Exp Move +$6.48)"
"9","14","64.3%","VRSK","Nasdaq 100","185.79","-1.17","-1.06%","0.91%","-1.9730","1.69","-0.0341","2.56","+0.6410","3.34","-0.4402","7.71","+0.1625","8.32","+0.0478","11.07","FALSE (Price $185.79 (20EMA: $189.06, 50SMA: $190.57))","FALSE (Headroom: $11.42 (2.0x ATR))","FALSE (0.72x 20d Avg Vol)","TRUE (RSI 64.2 (Bullish))","TRUE (MACD +0.26 (Crossed Above))","TRUE (ATR $5.84 (3.1%))","FALSE (-3.1% vs SPY (-0.4%))","FALSE (Spread $0.85 (10.0%))","TRUE (Active Liquid Chain ($8.50))","TRUE (IV 36.5% (IV/HV 0.95))","TRUE (Delta 0.55 (Balanced))","TRUE (Theta -$0.20/d (2.4%))","TRUE (Calendar Clear (>7d))","TRUE (BE +$7.71 <= Exp Move +$13.28)"
"9","14","64.3%","PANW","Nasdaq 100","333.26","-1.18","-3.84%","3.24%","-12.7890","10.80","-1.9416","19.10","-2.4981","14.99","+0.5266","22.85","+1.4140","22.90","+2.0895","23.85","FALSE (Price $333.26 (20EMA: $353.88, 50SMA: $349.30))","TRUE (Headroom: $65.62 (3.2x ATR))","FALSE (0.91x 20d Avg Vol)","FALSE (RSI 38.0)","FALSE (MACD -5.32)","TRUE (ATR $20.46 (6.1%))","FALSE (-8.4% vs SPY (-0.4%))","TRUE (Spread $1.31 (10.0%))","TRUE (Active Liquid Chain ($13.11))","TRUE (IV 49.1% (IV/HV 0.78))","TRUE (Delta 0.57 (Balanced))","TRUE (Theta -$0.47/d (3.6%))","TRUE (Calendar Clear (>7d))","TRUE (BE +$9.85 <= Exp Move +$32.03)"
"6","14","42.9%","PDD","Nasdaq 100","82.21","-1.22","-0.62%","0.51%","-0.5120","0.42","-0.6987","0.63","-0.4004","1.96","-0.2027","2.48","+0.1337","3.47","-0.1722","5.53","FALSE (Price $82.21 (20EMA: $85.43, 50SMA: $85.61))","TRUE (Headroom: $10.98 (4.8x ATR))","FALSE (0.69x 20d Avg Vol)","FALSE (RSI 35.0)","FALSE (MACD -0.77)","TRUE (ATR $2.28 (2.8%))","FALSE (-10.4% vs SPY (-0.4%))","FALSE (Spread $0.30 (10.0%))","TRUE (Active Liquid Chain ($2.98))","FALSE (IV 61.3% (IV/HV 2.01))","TRUE (Delta 0.62 (Balanced))","TRUE (Theta -$0.14/d (4.7%))","FALSE (Upcoming Catalyst / IV Spike)","TRUE (BE +$0.77 <= Exp Move +$9.87)"
"8","14","57.1%","MCD","Dow 30 / S&P 500","255.69","-1.29","-0.53%","0.41%","-1.3460","1.04","-1.1737","2.24","-0.7445","2.51","-0.3732","3.53","-0.2475","5.15","-0.4184","8.08","FALSE (Price $255.69 (20EMA: $264.00, 50SMA: $267.72))","TRUE (Headroom: $20.72 (4.8x ATR))","FALSE (1.01x 20d Avg Vol)","FALSE (RSI 37.4)","FALSE (MACD -0.91)","TRUE (ATR $4.28 (1.7%))","FALSE (-6.2% vs SPY (-0.4%))","TRUE (Spread $0.21 (10.0%))","TRUE (Active Liquid Chain ($2.06))","TRUE (IV 20.5% (IV/HV 1.03))","TRUE (Delta 0.36 (Balanced))","FALSE (Theta -$0.15/d (7.3%))","TRUE (Calendar Clear (>7d))","TRUE (BE +$6.37 <= Exp Move +$10.27)"
"9","14","64.3%","RTX","S&P 500","200.79","-1.30","-0.84%","0.65%","-1.6910","1.30","-1.2952","2.34","-1.2734","2.96","-0.5340","5.25","+0.6166","8.75","+0.2017","13.59","FALSE (Price $200.79 (20EMA: $209.63, 50SMA: $207.21))","TRUE (Headroom: $25.62 (5.8x ATR))","FALSE (0.70x 20d Avg Vol)","FALSE (RSI 21.8)","FALSE (MACD -2.40)","TRUE (ATR $4.41 (2.2%))","FALSE (-9.7% vs SPY (-0.4%))","TRUE (Spread $0.37 (10.0%))","TRUE (Active Liquid Chain ($3.67))","TRUE (IV 25.1% (IV/HV 1.18))","TRUE (Delta 0.56 (Balanced))","TRUE (Theta -$0.15/d (4.2%))","TRUE (Calendar Clear (>7d))","TRUE (BE +$2.88 <= Exp Move +$9.89)"
"8","14","57.1%","SNPS","Nasdaq 100","393.84","-1.30","-2.29%","1.75%","-9.0010","6.91","-0.4653","21.23","+0.6071","16.60","+1.2802","15.24","-0.9458","23.31","-0.3085","40.06","FALSE (Price $393.84 (20EMA: $414.03, 50SMA: $412.61))","TRUE (Headroom: $71.14 (4.1x ATR))","FALSE (1.69x 20d Avg Vol)","FALSE (RSI 44.1)","FALSE (MACD -0.71)","TRUE (ATR $17.39 (4.4%))","FALSE (-5.3% vs SPY (-0.4%))","FALSE (Spread $1.51 (10.0%))","TRUE (Active Liquid Chain ($15.10))","TRUE (IV 57.0% (IV/HV 1.05))","TRUE (Delta 0.56 (Balanced))","TRUE (Theta -$0.65/d (4.3%))","TRUE (Calendar Clear (>7d))","TRUE (BE +$11.26 <= Exp Move +$43.97)"
"7","14","50%","IDXX","Nasdaq 100","535.38","-1.35","-1.09%","0.81%","-5.8490","4.34","-2.6213","5.64","-2.1221","9.59","-1.2926","12.62","-0.0371","14.91","-0.1869","14.93","FALSE (Price $535.38 (20EMA: $551.42, 50SMA: $558.15))","TRUE (Headroom: $66.62 (4.5x ATR))","FALSE (0.81x 20d Avg Vol)","FALSE (RSI 45.2)","FALSE (MACD -2.68)","TRUE (ATR $14.93 (2.8%))","FALSE (-8.7% vs SPY (-0.4%))","FALSE (Spread $0.82 (10.0%))","TRUE (Active Liquid Chain ($8.23))","TRUE (IV 39.5% (IV/HV 1.43))","TRUE (Delta 0.48 (Balanced))","FALSE (Theta -$0.62/d (7.6%))","TRUE (Calendar Clear (>7d))","TRUE (BE +$12.85 <= Exp Move +$41.46)"
"9","14","64.3%","PAYX","Nasdaq 100","121.71","-1.42","-0.97%","0.68%","-1.1820","0.83","-0.2708","1.34","+0.2500","2.01","+0.3192","2.02","+0.5518","2.96","+0.3297","5.03","FALSE (Price $121.71 (20EMA: $122.93, 50SMA: $115.90))","TRUE (Headroom: $6.27 (2.3x ATR))","FALSE (0.85x 20d Avg Vol)","TRUE (RSI 58.4 (Bullish))","FALSE (MACD -0.72)","TRUE (ATR $2.77 (2.3%))","TRUE (+1.4% vs SPY (+-0.4%))","FALSE (Spread $0.40 (10.0%))","TRUE (Active Liquid Chain ($4.00))","TRUE (IV 45.0% (IV/HV 1.46))","TRUE (Delta 0.59 (Balanced))","TRUE (Theta -$0.16/d (3.9%))","FALSE (Upcoming Catalyst / IV Spike)","TRUE (BE +$2.29 <= Exp Move +$10.71)"
"9","14","64.3%","INTU","Nasdaq 100 / S&P 500","332.70","-1.43","-1.62%","1.13%","-5.3830","3.76","-2.7259","6.47","+0.2200","11.26","+1.4411","12.09","+1.7017","15.80","-1.0443","43.51","FALSE (Price $332.70 (20EMA: $343.45, 50SMA: $315.49))","TRUE (Headroom: $40.28 (2.5x ATR))","FALSE (0.87x 20d Avg Vol)","FALSE (RSI 48.6)","FALSE (MACD -4.22)","TRUE (ATR $15.82 (4.8%))","TRUE (+2.3% vs SPY (+-0.4%))","FALSE (Spread $1.37 (10.0%))","TRUE (Active Liquid Chain ($13.70))","TRUE (IV 50.7% (IV/HV 1.07))","TRUE (Delta 0.56 (Balanced))","TRUE (Theta -$0.49/d (3.6%))","TRUE (Calendar Clear (>7d))","TRUE (BE +$11.00 <= Exp Move +$33.06)"
"8","14","57.1%","MMM","Dow 30 / S&P 500","168.56","-1.46","-0.50%","0.34%","-0.8470","0.58","-1.5515","1.52","-0.7530","2.16","-0.2761","3.55","+0.4154","6.22","+0.3179","6.41","FALSE (Price $168.56 (20EMA: $174.42, 50SMA: $171.01))","TRUE (Headroom: $15.33 (4.9x ATR))","FALSE (0.83x 20d Avg Vol)","FALSE (RSI 20.1)","FALSE (MACD -1.90)","TRUE (ATR $3.13 (1.9%))","FALSE (-7.4% vs SPY (-0.4%))","TRUE (Spread $0.23 (10.0%))","TRUE (Active Liquid Chain ($2.28))","TRUE (IV 24.7% (IV/HV 1.22))","TRUE (Delta 0.46 (Balanced))","FALSE (Theta -$0.13/d (5.5%))","TRUE (Calendar Clear (>7d))","TRUE (BE +$3.72 <= Exp Move +$8.15)"
"8","14","57.1%","TTWO","Nasdaq 100","214.69","-1.57","-0.59%","0.37%","-1.2570","0.80","-2.7399","3.99","-1.9212","3.96","-0.9797","6.68","+0.0196","12.26","+0.3440","11.81","FALSE (Price $214.69 (20EMA: $229.74, 50SMA: $239.67))","TRUE (Headroom: $41.93 (4.9x ATR))","FALSE (0.79x 20d Avg Vol)","FALSE (RSI 17.7)","FALSE (MACD -2.73)","TRUE (ATR $8.62 (4.0%))","FALSE (-12.9% vs SPY (-0.4%))","FALSE (Spread $0.80 (10.0%))","TRUE (Active Liquid Chain ($8.03))","TRUE (IV 43.8% (IV/HV 1.14))","TRUE (Delta 0.63 (Balanced))","TRUE (Theta -$0.27/d (3.3%))","TRUE (Calendar Clear (>7d))","TRUE (BE +$3.34 <= Exp Move +$18.43)"
"10","14","71.4%","AVGO","Nasdaq 100 / S&P 500","357.90","-1.64","-1.04%","0.64%","-3.7400","2.28","+0.2995","6.22","-3.1370","13.05","-1.6166","18.78","-0.1420","17.95","+0.2995","35.94","FALSE (Price $357.90 (20EMA: $373.55, 50SMA: $383.66))","TRUE (Headroom: $74.83 (6.5x ATR))","TRUE (1.40x Avg Vol (Up Day))","FALSE (RSI 29.2)","FALSE (MACD -1.39)","TRUE (ATR $11.55 (3.2%))","FALSE (-16.3% vs SPY (-0.4%))","TRUE (Spread $0.92 (10.0%))","TRUE (Active Liquid Chain ($9.21))","TRUE (IV 38.4% (IV/HV 0.96))","TRUE (Delta 0.49 (Balanced))","TRUE (Theta -$0.41/d (4.4%))","TRUE (Calendar Clear (>7d))","TRUE (BE +$11.31 <= Exp Move +$26.89)"
"8","14","57.1%","GD","S&P 500","359.39","-1.75","-0.76%","0.44%","-2.7460","1.57","-2.5701","2.93","-1.8385","3.55","-0.6988","7.41","+0.6118","11.76","+0.4293","13.48","FALSE (Price $359.39 (20EMA: $376.87, 50SMA: $377.80))","TRUE (Headroom: $37.81 (5.4x ATR))","FALSE (1.23x 20d Avg Vol)","FALSE (RSI 18.8)","FALSE (MACD -3.52)","TRUE (ATR $6.97 (1.9%))","FALSE (-8.3% vs SPY (-0.4%))","TRUE (Spread $0.43 (10.0%))","TRUE (Active Liquid Chain ($4.30))","TRUE (IV 23.6% (IV/HV 1.32))","TRUE (Delta 0.51 (Balanced))","FALSE (Theta -$0.26/d (6.1%))","TRUE (Calendar Clear (>7d))","TRUE (BE +$4.91 <= Exp Move +$16.63)"
"8","14","57.1%","CDNS","Nasdaq 100","292.70","-1.77","-3.43%","1.93%","-10.0320","5.66","-3.8988","13.33","-0.6339","12.39","-0.8891","10.55","-1.3836","11.71","+0.3872","34.27","FALSE (Price $292.70 (20EMA: $322.93, 50SMA: $341.64))","TRUE (Headroom: $55.02 (4.7x ATR))","FALSE (1.88x 20d Avg Vol)","FALSE (RSI 35.3)","FALSE (MACD -2.10)","TRUE (ATR $11.77 (4.0%))","FALSE (-13.7% vs SPY (-0.4%))","FALSE (Spread $1.06 (10.0%))","TRUE (Active Liquid Chain ($10.60))","TRUE (IV 50.6% (IV/HV 1.28))","TRUE (Delta 0.56 (Balanced))","TRUE (Theta -$0.43/d (4.0%))","TRUE (Calendar Clear (>7d))","TRUE (BE +$7.90 <= Exp Move +$29.01)"
"9","14","64.3%","DXCM","Nasdaq 100","87.90","-1.78","-0.77%","0.43%","-0.6750","0.38","-0.1100","0.91","-0.0034","1.13","+0.4652","3.59","+0.3808","4.29","+0.2280","5.19","FALSE (Price $87.90 (20EMA: $88.28, 50SMA: $81.22))","TRUE (Headroom: $4.69 (2.0x ATR))","FALSE (0.58x 20d Avg Vol)","FALSE (RSI 46.5)","FALSE (MACD -0.76)","TRUE (ATR $2.34 (2.7%))","TRUE (+3.7% vs SPY (+-0.4%))","TRUE (Spread $0.15 (10.0%))","TRUE (Active Liquid Chain ($1.53))","TRUE (IV 39.9% (IV/HV 0.91))","TRUE (Delta 0.41 (Balanced))","FALSE (Theta -$0.10/d (6.5%))","TRUE (Calendar Clear (>7d))","TRUE (BE +$3.63 <= Exp Move +$6.86)"
"8","14","57.1%","DASH","Nasdaq 100","211.73","-1.78","-2.06%","1.16%","-4.3680","2.45","-1.9007","4.74","+0.8597","6.99","+1.3324","6.95","+1.1716","8.53","+0.5278","14.39","FALSE (Price $211.73 (20EMA: $220.39, 50SMA: $203.63))","TRUE (Headroom: $27.10 (3.4x ATR))","FALSE (1.01x 20d Avg Vol)","FALSE (RSI 49.2)","FALSE (MACD -2.53)","TRUE (ATR $7.96 (3.8%))","FALSE (-2.1% vs SPY (-0.4%))","FALSE (Spread $0.71 (10.0%))","TRUE (Active Liquid Chain ($7.10))","TRUE (IV 45.7% (IV/HV 1.18))","TRUE (Delta 0.56 (Balanced))","TRUE (Theta -$0.28/d (4.0%))","TRUE (Calendar Clear (>7d))","TRUE (BE +$5.37 <= Exp Move +$18.95)"
"9","14","64.3%","LIN","Nasdaq 100 / S&P 500","477.57","-1.84","-0.50%","0.27%","-2.3778","1.29","-0.7976","2.35","+0.1411","4.92","-0.5278","8.37","-0.7819","11.38","+0.0236","14.75","FALSE (Price $477.57 (20EMA: $485.80, 50SMA: $499.93))","TRUE (Headroom: $16.76 (2.2x ATR))","FALSE (1.20x 20d Avg Vol)","TRUE (RSI 55.6 (Bullish))","TRUE (MACD +0.72 (Crossed Above))","TRUE (ATR $7.57 (1.6%))","FALSE (-2.2% vs SPY (-0.4%))","FALSE (Spread $0.70 (10.0%))","TRUE (Active Liquid Chain ($7.00))","TRUE (IV 28.8% (IV/HV 1.28))","TRUE (Delta 0.49 (Balanced))","FALSE (Theta -$0.41/d (5.9%))","TRUE (Calendar Clear (>7d))","TRUE (BE +$9.43 <= Exp Move +$26.91)"
"7","14","50%","LMT","S&P 500","525.28","-1.97","-1.46%","0.74%","-7.6550","3.89","-4.0538","7.08","-4.0620","8.59","-1.5141","16.39","+1.1210","26.13","-0.4154","42.50","FALSE (Price $525.28 (20EMA: $556.96, 50SMA: $551.78))","TRUE (Headroom: $83.70 (6.4x ATR))","FALSE (0.94x 20d Avg Vol)","FALSE (RSI 21.6)","FALSE (MACD -7.02)","TRUE (ATR $13.17 (2.5%))","FALSE (-10.1% vs SPY (-0.4%))","FALSE (Spread $0.72 (10.0%))","TRUE (Active Liquid Chain ($7.20))","TRUE (IV 25.6% (IV/HV 1.00))","TRUE (Delta 0.45 (Balanced))","FALSE (Theta -$0.40/d (5.6%))","TRUE (Calendar Clear (>7d))","TRUE (BE +$11.92 <= Exp Move +$26.38)"
"7","14","50%","GEHC","Nasdaq 100","68.86","-2.27","-0.79%","0.35%","-0.5440","0.24","-0.5923","0.21","-0.1806","1.24","+0.1444","2.64","+0.1857","2.82","-0.0063","4.64","FALSE (Price $68.86 (20EMA: $71.17, 50SMA: $68.28))","TRUE (Headroom: $6.79 (4.3x ATR))","FALSE (1.10x 20d Avg Vol)","FALSE (RSI 32.1)","FALSE (MACD -0.81)","TRUE (ATR $1.56 (2.3%))","FALSE (-4.1% vs SPY (-0.4%))","TRUE (Spread $0.10 (10.0%))","TRUE (Active Liquid Chain ($1.00))","FALSE (IV 57.1% (IV/HV 1.36))","TRUE (Delta 0.47 (Balanced))","FALSE (Theta -$0.11/d (11.4%))","TRUE (Calendar Clear (>7d))","TRUE (BE +$2.14 <= Exp Move +$7.70)"
"7","14","50%","ADSK","Nasdaq 100","217.90","-2.60","-4.20%","1.62%","-9.1430","3.52","-3.3970","9.79","-0.5886","9.71","+0.4187","10.15","+1.0564","12.79","-0.0728","18.73","FALSE (Price $217.90 (20EMA: $245.00, 50SMA: $230.67))","TRUE (Headroom: $53.82 (4.9x ATR))","FALSE (1.95x 20d Avg Vol)","FALSE (RSI 36.6)","FALSE (MACD -4.61)","TRUE (ATR $11.08 (5.1%))","FALSE (-12.5% vs SPY (-0.4%))","FALSE (Spread $0.61 (10.0%))","TRUE (Active Liquid Chain ($6.10))","TRUE (IV 50.7% (IV/HV 0.95))","TRUE (Delta 0.49 (Balanced))","FALSE (Theta -$0.32/d (5.3%))","TRUE (Calendar Clear (>7d))","TRUE (BE +$8.20 <= Exp Move +$21.64)"
"8","14","57.1%","MNST","Nasdaq 100","43.82","-2.69","-1.17%","0.43%","-0.5110","0.19","-0.6150","0.27","-0.0766","1.34","-0.0834","1.21","-0.0116","1.38","+0.1056","2.22","FALSE (Price $43.82 (20EMA: $46.22, 50SMA: $47.39))","TRUE (Headroom: $5.42 (5.1x ATR))","FALSE (1.27x 20d Avg Vol)","FALSE (RSI 40.4)","FALSE (MACD -0.40)","TRUE (ATR $1.07 (2.4%))","FALSE (-3.0% vs SPY (-0.4%))","TRUE (Spread $0.08 (10.0%))","TRUE (Active Liquid Chain ($0.75))","TRUE (IV 30.8% (IV/HV 1.09))","TRUE (Delta 0.50 (Balanced))","FALSE (Theta -$0.04/d (5.4%))","TRUE (Calendar Clear (>7d))","TRUE (BE +$0.93 <= Exp Move +$2.64)"
"9","14","64.3%","COST","Nasdaq 100 / S&P 500","915.74","-4.17","-0.77%","0.19%","-7.0850","1.70","-5.2547","5.76","-1.4852","10.90","-0.8126","10.76","-0.2683","16.79","-0.6170","27.03","FALSE (Price $915.74 (20EMA: $942.23, 50SMA: $943.01))","TRUE (Headroom: $62.96 (3.5x ATR))","FALSE (1.17x 20d Avg Vol)","FALSE (RSI 37.5)","FALSE (MACD -3.97)","TRUE (ATR $18.02 (2.0%))","FALSE (-3.4% vs SPY (-0.4%))","TRUE (Spread $1.24 (10.0%))","TRUE (Active Liquid Chain ($12.44))","TRUE (IV 22.0% (IV/HV 1.15))","TRUE (Delta 0.48 (Balanced))","TRUE (Theta -$0.62/d (5.0%))","TRUE (Calendar Clear (>7d))","TRUE (BE +$16.70 <= Exp Move +$39.40)"
