Date,Ticker,Index_Source,Stock_Price,ATM_Strike,Implied_Volatility,1W_Call_Price,1W_Put_Price,1W_Call_Delta,1W_Put_Delta,1W_Gamma,1W_Call_Theta,1W_Put_Theta,1W_Vega,1W_Call_Rho,1W_Put_Rho,2W_Call_Price,2W_Put_Price,2W_Call_Delta,2W_Put_Delta,2W_Gamma,2W_Call_Theta,2W_Put_Theta,2W_Vega,2W_Call_Rho,2W_Put_Rho,3W_Call_Price,3W_Put_Price,3W_Call_Delta,3W_Put_Delta,3W_Gamma,3W_Call_Theta,3W_Put_Theta,3W_Vega,3W_Call_Rho,3W_Put_Rho
2026-08-19 19:50:52,AAPL,Dow 30 / Nasdaq 100 / S&P 500,316.83,320.00,0.2315,2.83,6.82,0.3956,-0.6044,0.0379,-0.2962,-0.2524,0.1690,0.0235,-0.0378,5.25,8.92,0.4457,-0.5543,0.0251,-0.2414,-0.1976,0.2452,0.0522,-0.0703,6.70,9.20,0.4667,-0.5333,0.0203,-0.2046,-0.1609,0.3021,0.0812,-0.1024
2026-08-19 19:50:52,ABBV,S&P 500,265.97,270.00,0.2664,2.46,4.00,0.3582,-0.6418,0.0381,-0.2745,-0.2375,0.1376,0.0178,-0.0339,4.02,19.10,0.4128,-0.5872,0.0276,-0.2110,-0.1741,0.2028,0.0405,-0.0628,5.28,25.35,0.4363,-0.5637,0.0234,-0.1731,-0.1363,0.2513,0.0637,-0.0912
2026-08-19 19:50:52,ABNB,Nasdaq 100,186.39,185.00,0.3482,4.79,2.70,0.5790,-0.4210,0.0435,-0.2652,-0.2399,0.1010,0.0199,-0.0156,5.90,3.90,0.5641,-0.4359,0.0277,-0.2136,-0.1883,0.1437,0.0378,-0.0330,6.90,4.50,0.5614,-0.4386,0.0215,-0.1853,-0.1600,0.1762,0.0554,-0.0507
2026-08-19 19:50:52,ABT,S&P 500,114.43,115.00,0.2471,1.42,2.52,0.4601,-0.5399,0.1014,-0.1180,-0.1023,0.0629,0.0098,-0.0122,2.05,6.90,0.4864,-0.5136,0.0682,-0.0905,-0.0748,0.0894,0.0205,-0.0235,2.50,7.56,0.4997,-0.5003,0.0545,-0.0769,-0.0612,0.1095,0.0313,-0.0347
2026-08-19 19:50:52,ACN,S&P 500,183.17,185.00,0.5161,5.00,5.03,0.4642,-0.5358,0.0303,-0.3826,-0.3573,0.1008,0.0155,-0.0200,6.79,6.00,0.4892,-0.5108,0.0213,-0.2785,-0.2532,0.1431,0.0318,-0.0391,7.61,7.93,0.4988,-0.5012,0.0188,-0.2129,-0.1877,0.1753,0.0480,-0.0581
2026-08-19 19:50:52,ADBE,Nasdaq 100 / S&P 500,272.47,270.00,0.4723,9.15,6.48,0.5740,-0.4260,0.0220,-0.5193,-0.4824,0.1479,0.0284,-0.0234,12.17,8.33,0.5636,-0.4364,0.0144,-0.4028,-0.3659,0.2102,0.0542,-0.0492,17.26,13.25,0.5623,-0.4377,0.0109,-0.3568,-0.3200,0.2575,0.0790,-0.0759
2026-08-19 19:50:52,ADI,Nasdaq 100,373.26,370.00,0.4481,12.77,6.64,0.5745,-0.4255,0.0169,-0.6763,-0.6257,0.2026,0.0390,-0.0319,30.00,10.20,0.5680,-0.4320,0.0128,-0.4573,-0.4067,0.2874,0.0759,-0.0658,15.00,12.30,0.5665,-0.4335,0.0107,-0.3716,-0.3211,0.3522,0.1119,-0.1003
2026-08-19 19:50:52,ADP,Nasdaq 100,277.22,280.00,0.3972,4.50,6.32,0.4457,-0.5543,0.0259,-0.4468,-0.4085,0.1517,0.0228,-0.0309,4.05,4.68,0.4670,-0.5330,0.0209,-0.2874,-0.2491,0.2159,0.0471,-0.0601,6.97,4.50,0.4823,-0.5177,0.0174,-0.2348,-0.1966,0.2650,0.0722,-0.0884
2026-08-19 19:50:52,ADSK,Nasdaq 100,251.29,250.00,0.6705,12.00,10.30,0.5447,-0.4553,0.0170,-0.6781,-0.6439,0.1380,0.0243,-0.0236,16.10,8.85,0.5473,-0.4527,0.0128,-0.4544,-0.4202,0.1950,0.0477,-0.0480,15.05,11.70,0.5505,-0.4495,0.0118,-0.3317,-0.2975,0.2385,0.0714,-0.0721
2026-08-19 19:50:52,AEP,Nasdaq 100,126.27,125.00,0.5083,1.19,0.43,0.5763,-0.4237,0.0441,-0.2580,-0.2409,0.0685,0.0131,-0.0108,1.19,0.43,0.5677,-0.4323,0.0313,-0.1855,-0.1685,0.0972,0.0253,-0.0226,3.70,1.91,0.5958,-0.4042,0.0501,-0.0811,-0.0640,0.1173,0.0410,-0.0307
2026-08-19 19:50:52,ALNY,Nasdaq 100,242.61,240.00,0.5010,4.65,3.00,0.5810,-0.4190,0.0232,-0.4879,-0.4551,0.1313,0.0255,-0.0205,4.65,3.00,0.5710,-0.4290,0.0165,-0.3512,-0.3184,0.1865,0.0489,-0.0430,13.92,16.10,0.5689,-0.4311,0.0134,-0.2920,-0.2593,0.2287,0.0717,-0.0660
2026-08-19 19:50:52,AMAT,Nasdaq 100 / S&P 500,496.17,500.00,0.5467,15.75,20.25,0.4796,-0.5204,0.0106,-1.0998,-1.0314,0.2738,0.0431,-0.0527,21.97,28.20,0.5010,-0.4990,0.0073,-0.8095,-0.7411,0.3877,0.0875,-0.1039,25.74,32.45,0.5119,-0.4881,0.0061,-0.6544,-0.5861,0.4746,0.1317,-0.1551
2026-08-19 19:50:52,AMD,Nasdaq 100 / S&P 500,466.42,470.00,0.5006,12.00,14.90,0.4754,-0.5246,0.0123,-0.9485,-0.8842,0.2572,0.0403,-0.0497,20.00,22.10,0.5010,-0.4990,0.0078,-0.7569,-0.6926,0.3644,0.0823,-0.0976,24.18,25.10,0.5108,-0.4892,0.0067,-0.5983,-0.5341,0.4462,0.1239,-0.1457
2026-08-19 19:50:52,AMGN,Dow 30 / Nasdaq 100 / S&P 500,442.36,440.00,0.3269,8.85,6.95,0.5643,-0.4357,0.0197,-0.5961,-0.5359,0.2412,0.0461,-0.0382,11.04,13.75,0.5570,-0.4430,0.0136,-0.4416,-0.3815,0.3421,0.0894,-0.0790,12.35,6.50,0.5579,-0.4421,0.0116,-0.3508,-0.2907,0.4188,0.1331,-0.1193
2026-08-19 19:50:52,AMT,S&P 500,174.49,175.00,0.2759,1.05,2.85,0.4872,-0.5128,0.0598,-0.2012,-0.1772,0.0964,0.0158,-0.0177,1.05,2.85,0.5034,-0.4966,0.0423,-0.1459,-0.1219,0.1363,0.0323,-0.0347,5.29,5.30,0.5135,-0.4865,0.0331,-0.1261,-0.1022,0.1669,0.0488,-0.0516
2026-08-19 19:50:52,AMZN,Dow 30 / Nasdaq 100 / S&P 500,265.84,270.00,0.2781,2.44,6.75,0.3598,-0.6402,0.0365,-0.2863,-0.2493,0.1377,0.0179,-0.0339,4.90,8.61,0.4193,-0.5807,0.0252,-0.2314,-0.1945,0.2034,0.0410,-0.0624,6.04,9.55,0.4433,-0.5567,0.0209,-0.1928,-0.1559,0.2518,0.0643,-0.0906
2026-08-19 19:50:52,APP,Nasdaq 100,310.79,310.00,0.5466,12.30,10.13,0.5335,-0.4665,0.0169,-0.6894,-0.6470,0.1711,0.0299,-0.0295,16.80,13.02,0.5379,-0.4621,0.0120,-0.4897,-0.4473,0.2417,0.0588,-0.0599,18.00,15.30,0.5422,-0.4578,0.0102,-0.3892,-0.3469,0.2957,0.0875,-0.0903
2026-08-19 19:50:52,ARM,Nasdaq 100,249.34,250.00,0.6843,11.03,10.67,0.5118,-0.4882,0.0169,-0.6893,-0.6551,0.1377,0.0227,-0.0252,14.65,14.15,0.5253,-0.4747,0.0116,-0.5028,-0.4686,0.1944,0.0450,-0.0507,17.00,16.58,0.5329,-0.4671,0.0098,-0.3994,-0.3653,0.2378,0.0672,-0.0763
2026-08-19 19:50:52,ASML,Nasdaq 100,1751.73,1750.00,0.4518,50.00,44.00,0.5249,-0.4751,0.0036,-3.2372,-2.9977,0.9659,0.1676,-0.1677,94.33,57.50,0.5310,-0.4690,0.0024,-2.4445,-2.2052,1.3645,0.3308,-0.3392,104.60,33.28,0.5359,-0.4641,0.0021,-1.9346,-1.6956,1.6695,0.4941,-0.5098
2026-08-19 19:50:52,AVGO,Nasdaq 100 / S&P 500,362.48,360.00,0.4363,22.80,5.19,0.5634,-0.4366,0.0180,-0.6428,-0.5935,0.1977,0.0372,-0.0318,18.87,16.00,0.5534,-0.4466,0.0097,-0.6017,-0.5525,0.2807,0.0701,-0.0677,19.99,16.70,0.5558,-0.4442,0.0087,-0.4514,-0.4022,0.3435,0.1045,-0.1020
2026-08-19 19:50:52,AXON,Nasdaq 100,645.72,650.00,0.5783,24.13,92.02,0.4878,-0.5122,0.0077,-1.5135,-1.4246,0.3566,0.0568,-0.0678,24.65,72.46,0.5040,-0.4960,0.0057,-1.0297,-0.9409,0.5045,0.1148,-0.1341,26.75,75.00,0.5149,-0.4851,0.0047,-0.8469,-0.7581,0.6175,0.1725,-0.2004
2026-08-19 19:50:52,AXP,Dow 30 / S&P 500,339.90,340.00,0.2472,5.16,4.95,0.5146,-0.4854,0.0343,-0.3547,-0.3081,0.1877,0.0326,-0.0325,9.52,5.45,0.5229,-0.4771,0.0235,-0.2644,-0.2179,0.2651,0.0655,-0.0647,11.20,5.30,0.5291,-0.4709,0.0193,-0.2189,-0.1725,0.3244,0.0985,-0.0966
2026-08-19 19:50:52,BA,Dow 30 / S&P 500,222.20,220.00,0.3058,4.87,3.00,0.6098,-0.3902,0.0408,-0.2758,-0.2457,0.1181,0.0250,-0.0171,6.68,4.40,0.5884,-0.4116,0.0284,-0.2071,-0.1771,0.1693,0.0475,-0.0367,7.10,5.05,0.5824,-0.4176,0.0233,-0.1721,-0.1420,0.2081,0.0698,-0.0564
2026-08-19 19:50:52,BAC,S&P 500,63.17,65.00,0.1939,0.20,2.09,0.1551,-0.8449,0.1406,-0.0302,-0.0213,0.0209,0.0019,-0.0106,0.32,2.30,0.2491,-0.7509,0.1313,-0.0295,-0.0206,0.0392,0.0059,-0.0190,0.46,2.16,0.2887,-0.7113,0.1220,-0.0252,-0.0163,0.0518,0.0102,-0.0271
2026-08-19 19:50:52,BKNG,Nasdaq 100 / S&P 500,213.00,210.00,0.5665,7.30,2.25,0.5918,-0.4082,0.0232,-0.4797,-0.4509,0.1145,0.0226,-0.0177,6.20,4.10,0.5877,-0.4123,0.0199,-0.2872,-0.2585,0.1624,0.0444,-0.0360,6.90,4.50,0.5868,-0.4132,0.0181,-0.2155,-0.1868,0.1990,0.0659,-0.0546
2026-08-19 19:50:52,BKR,Nasdaq 100,64.48,65.00,0.3565,0.32,1.05,0.4528,-0.5472,0.1245,-0.0939,-0.0850,0.0354,0.0054,-0.0071,0.32,1.05,0.4790,-0.5210,0.0885,-0.0681,-0.0592,0.0503,0.0112,-0.0137,2.20,2.20,0.4901,-0.5099,0.0775,-0.0529,-0.0440,0.0617,0.0171,-0.0202
2026-08-19 19:50:52,BLK,S&P 500,1158.92,1160.00,0.2748,20.00,16.54,0.5079,-0.4921,0.0090,-1.3345,-1.1758,0.6401,0.1095,-0.1127,32.20,27.14,0.5179,-0.4821,0.0066,-0.9409,-0.7823,0.9046,0.2208,-0.2233,41.40,23.35,0.5249,-0.4751,0.0058,-0.7357,-0.5772,1.1068,0.3335,-0.3320
2026-08-19 19:50:52,BMY,S&P 500,67.61,70.00,0.3032,0.43,2.69,0.2167,-0.7833,0.1034,-0.0615,-0.0519,0.0275,0.0027,-0.0107,0.80,3.51,0.3187,-0.6813,0.0811,-0.0590,-0.0494,0.0473,0.0079,-0.0189,1.00,2.60,0.3336,-0.6664,0.0784,-0.0431,-0.0336,0.0590,0.0124,-0.0277
2026-08-19 19:50:52,BNY,S&P 500,159.76,160.00,0.3574,1.25,0.90,0.5055,-0.4945,0.0504,-0.2360,-0.2141,0.0883,0.0149,-0.0158,1.25,0.90,0.5163,-0.4837,0.0356,-0.1699,-0.1480,0.1247,0.0299,-0.0313,4.06,3.50,0.5210,-0.4790,0.0437,-0.0973,-0.0754,0.1527,0.0457,-0.0461
2026-08-19 19:50:52,BRK-B,S&P 500,499.62,500.00,0.1693,4.58,3.67,0.5081,-0.4919,0.0340,-0.3679,-0.2995,0.2760,0.0478,-0.0480,6.47,5.10,0.5212,-0.4788,0.0262,-0.2512,-0.1828,0.3898,0.0974,-0.0940,8.65,6.00,0.5304,-0.4696,0.0218,-0.2081,-0.1398,0.4767,0.1480,-0.1389
2026-08-19 19:50:52,C,S&P 500,132.89,135.00,0.2832,1.50,3.51,0.3603,-0.6397,0.0718,-0.1457,-0.1272,0.0689,0.0089,-0.0169,2.11,3.27,0.4156,-0.5844,0.0513,-0.1132,-0.0947,0.1015,0.0203,-0.0313,6.57,4.00,0.4474,-0.5526,0.0393,-0.1024,-0.0840,0.1261,0.0323,-0.0451
2026-08-19 19:50:52,CAT,Dow 30 / S&P 500,816.15,820.00,0.3678,17.30,23.35,0.4808,-0.5192,0.0096,-1.2348,-1.1226,0.4504,0.0724,-0.0848,23.45,30.77,0.5017,-0.4983,0.0062,-0.9707,-0.8586,0.6377,0.1476,-0.1663,31.70,35.15,0.5113,-0.4887,0.0051,-0.7904,-0.6784,0.7807,0.2227,-0.2477
2026-08-19 19:50:52,CCEP,Nasdaq 100,106.68,105.00,0.3369,2.59,0.49,0.6495,-0.3505,0.0744,-0.1408,-0.1265,0.0547,0.0127,-0.0074,2.59,0.49,0.6189,-0.3811,0.0541,-0.1043,-0.0900,0.0796,0.0239,-0.0163,5.11,1.50,0.6303,-0.3697,0.0569,-0.0683,-0.0540,0.0966,0.0365,-0.0237
2026-08-19 19:50:52,CDNS,Nasdaq 100,314.98,310.00,0.4606,23.97,4.78,0.6167,-0.3833,0.0190,-0.5730,-0.5306,0.1665,0.0352,-0.0242,40.06,6.26,0.6011,-0.3989,0.0147,-0.3852,-0.3428,0.2381,0.0675,-0.0512,16.50,8.00,0.5936,-0.4064,0.0122,-0.3172,-0.2748,0.2931,0.0985,-0.0793
2026-08-19 19:50:52,CEG,Nasdaq 100,274.17,270.00,0.4932,8.40,7.00,0.6074,-0.3926,0.0205,-0.5356,-0.4986,0.1459,0.0301,-0.0217,8.71,8.35,0.5904,-0.4096,0.0149,-0.3831,-0.3462,0.2087,0.0572,-0.0462,13.27,9.91,0.5861,-0.4139,0.0126,-0.3075,-0.2706,0.2562,0.0839,-0.0710
2026-08-19 19:50:52,CHTR,Nasdaq 100,152.47,150.00,0.7109,8.10,4.70,0.5890,-0.4110,0.0259,-0.4284,-0.4079,0.0821,0.0158,-0.0129,10.20,9.40,0.5894,-0.4106,0.0242,-0.2342,-0.2137,0.1161,0.0315,-0.0260,10.83,5.75,0.5831,-0.4169,0.0190,-0.2018,-0.1813,0.1427,0.0456,-0.0404
2026-08-19 19:50:52,CL,S&P 500,90.87,90.00,0.2964,4.90,0.73,0.6096,-0.3904,0.1029,-0.1096,-0.0972,0.0483,0.0102,-0.0070,1.85,1.05,0.5972,-0.4028,0.0811,-0.0730,-0.0607,0.0689,0.0199,-0.0146,3.52,1.77,0.5835,-0.4165,0.0602,-0.0670,-0.0547,0.0850,0.0287,-0.0229
2026-08-19 19:50:52,CMCSA,Nasdaq 100 / S&P 500,26.59,27.00,0.3467,0.37,0.65,0.3918,-0.6082,0.3009,-0.0364,-0.0327,0.0141,0.0019,-0.0032,0.47,1.57,0.4406,-0.5594,0.2058,-0.0285,-0.0248,0.0205,0.0043,-0.0061,0.55,1.19,0.4587,-0.5413,0.1755,-0.0229,-0.0192,0.0253,0.0066,-0.0089
2026-08-19 19:50:52,COF,S&P 500,220.73,220.00,0.2697,5.85,2.07,0.5529,-0.4471,0.0480,-0.2490,-0.2189,0.1209,0.0227,-0.0195,6.35,3.95,0.5488,-0.4512,0.0326,-0.1875,-0.1574,0.1712,0.0444,-0.0398,8.29,3.55,0.5486,-0.4514,0.0251,-0.1646,-0.1346,0.2096,0.0657,-0.0606
2026-08-19 19:50:52,COP,S&P 500,130.58,130.00,0.3045,2.65,1.37,0.5594,-0.4406,0.0717,-0.1648,-0.1470,0.0713,0.0135,-0.0114,3.50,1.05,0.5532,-0.4468,0.0488,-0.1237,-0.1060,0.1011,0.0263,-0.0235,4.25,1.92,0.5536,-0.4464,0.0400,-0.1023,-0.0845,0.1238,0.0390,-0.0355
2026-08-19 19:50:52,COST,Nasdaq 100 / S&P 500,956.99,960.00,0.2371,13.40,13.91,0.4801,-0.5199,0.0127,-0.9556,-0.8243,0.5281,0.0859,-0.0980,26.77,16.78,0.4991,-0.5009,0.0088,-0.7060,-0.5747,0.7477,0.1765,-0.1910,25.20,15.64,0.5094,-0.4906,0.0074,-0.5768,-0.4457,0.9155,0.2681,-0.2826
2026-08-19 19:50:52,CPRT,Nasdaq 100,33.85,34.00,0.4356,0.10,1.39,0.4891,-0.5109,0.1953,-0.0603,-0.0557,0.0187,0.0030,-0.0035,0.10,1.39,0.5053,-0.4947,0.1382,-0.0433,-0.0387,0.0264,0.0061,-0.0069,1.20,2.20,0.5145,-0.4855,0.1145,-0.0352,-0.0306,0.0324,0.0092,-0.0103
2026-08-19 19:50:52,CRM,Dow 30 / S&P 500,206.09,210.00,0.6718,7.38,10.50,0.4423,-0.5577,0.0206,-0.5523,-0.5235,0.1127,0.0163,-0.0239,8.63,11.60,0.4641,-0.5359,0.0168,-0.3469,-0.3181,0.1604,0.0337,-0.0467,9.52,12.85,0.4756,-0.5244,0.0152,-0.2612,-0.2325,0.1968,0.0512,-0.0692
2026-08-19 19:50:52,CRWD,Nasdaq 100,201.63,200.00,0.7349,10.60,8.60,0.5557,-0.4443,0.0193,-0.5931,-0.5657,0.1103,0.0197,-0.0186,13.00,11.07,0.5564,-0.4436,0.0145,-0.3980,-0.3707,0.1560,0.0385,-0.0381,12.55,12.15,0.5590,-0.4410,0.0129,-0.3002,-0.2729,0.1908,0.0572,-0.0575
2026-08-19 19:50:52,CSCO,Dow 30 / Nasdaq 100 / S&P 500,110.55,110.00,0.3247,2.69,1.62,0.5615,-0.4385,0.0793,-0.1482,-0.1331,0.0603,0.0115,-0.0096,4.00,2.15,0.5546,-0.4454,0.0539,-0.1115,-0.0965,0.0856,0.0222,-0.0199,4.39,2.30,0.5547,-0.4453,0.0440,-0.0923,-0.0773,0.1048,0.0330,-0.0301
2026-08-19 19:50:52,CSX,Nasdaq 100,50.68,50.00,0.6299,1.15,0.51,0.5830,-0.4170,0.0883,-0.1270,-0.1202,0.0274,0.0053,-0.0043,1.80,0.65,0.5914,-0.4086,0.0947,-0.0607,-0.0539,0.0386,0.0107,-0.0084,2.00,1.24,0.5789,-0.4211,0.0664,-0.0585,-0.0517,0.0475,0.0153,-0.0134
2026-08-19 19:50:52,CTAS,Nasdaq 100,203.08,200.00,0.2905,4.10,1.64,0.6641,-0.3359,0.0446,-0.2306,-0.2032,0.1026,0.0249,-0.0134,7.80,5.33,0.5965,-0.4035,0.0223,-0.2551,-0.2278,0.1540,0.0431,-0.0335,10.37,5.30,0.6185,-0.3815,0.0277,-0.1412,-0.1139,0.1857,0.0680,-0.0468
2026-08-19 19:50:52,CTSH,Nasdaq 100,60.93,60.00,0.6338,1.25,0.40,0.5910,-0.4090,0.0727,-0.1530,-0.1448,0.0328,0.0064,-0.0051,1.25,0.40,0.5798,-0.4202,0.0517,-0.1099,-0.1017,0.0466,0.0122,-0.0108,3.15,2.20,0.5840,-0.4160,0.0533,-0.0723,-0.0641,0.0570,0.0185,-0.0159
2026-08-19 19:50:52,CVS,S&P 500,93.65,95.00,0.2798,1.10,2.08,0.3725,-0.6275,0.1043,-0.1027,-0.0897,0.0491,0.0065,-0.0117,1.50,2.50,0.4275,-0.5725,0.0716,-0.0820,-0.0690,0.0720,0.0147,-0.0217,2.24,2.51,0.4537,-0.5463,0.0568,-0.0713,-0.0583,0.0890,0.0231,-0.0314
2026-08-19 19:50:52,CVX,Dow 30 / S&P 500,205.76,210.00,0.2516,1.61,5.32,0.2944,-0.7056,0.0481,-0.1846,-0.1559,0.0982,0.0114,-0.0289,2.65,12.00,0.3693,-0.6307,0.0357,-0.1527,-0.1239,0.1521,0.0281,-0.0522,3.50,12.75,0.4066,-0.5934,0.0289,-0.1347,-0.1061,0.1915,0.0460,-0.0745
2026-08-19 19:50:52,DASH,Nasdaq 100,220.22,220.00,0.5326,6.50,4.60,0.5253,-0.4747,0.0245,-0.4769,-0.4467,0.1214,0.0209,-0.0212,6.38,6.65,0.5310,-0.4690,0.0194,-0.3056,-0.2755,0.1715,0.0416,-0.0426,9.65,7.20,0.5362,-0.4638,0.0158,-0.2521,-0.2220,0.2099,0.0620,-0.0643
2026-08-19 19:50:52,DDOG,Nasdaq 100,233.52,230.00,0.5208,10.30,5.62,0.6026,-0.3974,0.0229,-0.4820,-0.4506,0.1247,0.0253,-0.0188,13.50,4.95,0.5848,-0.4152,0.0157,-0.3627,-0.3313,0.1783,0.0478,-0.0402,26.20,9.75,0.5814,-0.4186,0.0131,-0.2934,-0.2620,0.2188,0.0701,-0.0619
2026-08-19 19:50:52,DE,S&P 500,580.63,580.00,0.5138,18.57,17.00,0.5256,-0.4744,0.0096,-1.2143,-1.1349,0.3201,0.0553,-0.0559,18.25,17.75,0.5316,-0.4684,0.0071,-0.8312,-0.7519,0.4522,0.1095,-0.1125,20.20,19.35,0.5358,-0.4642,0.0067,-0.5964,-0.5172,0.5534,0.1648,-0.1679
2026-08-19 19:50:52,DHR,S&P 500,211.50,210.00,0.4182,4.70,3.00,0.5669,-0.4331,0.0321,-0.3598,-0.3310,0.1152,0.0219,-0.0183,5.97,2.51,0.5587,-0.4413,0.0215,-0.2734,-0.2447,0.1635,0.0421,-0.0382,4.40,9.72,0.5653,-0.4347,0.0231,-0.1748,-0.1461,0.1997,0.0643,-0.0562
2026-08-19 19:50:52,DIS,Dow 30 / S&P 500,106.93,105.00,0.2561,2.61,0.80,0.7117,-0.2883,0.0900,-0.1025,-0.0882,0.0506,0.0141,-0.0060,3.08,1.23,0.6608,-0.3392,0.0661,-0.0816,-0.0673,0.0767,0.0258,-0.0144,3.08,1.54,0.6479,-0.3521,0.0575,-0.0660,-0.0517,0.0952,0.0377,-0.0226
2026-08-19 19:50:52,DOW,Dow 30,31.75,32.00,0.4033,0.68,0.88,0.4620,-0.5380,0.2239,-0.0522,-0.0479,0.0175,0.0027,-0.0034,0.83,1.31,0.4825,-0.5175,0.1707,-0.0352,-0.0308,0.0248,0.0056,-0.0067,1.02,1.53,0.4938,-0.5062,0.1471,-0.0278,-0.0234,0.0304,0.0084,-0.0099
2026-08-19 19:50:52,DUK,S&P 500,123.60,125.00,0.2349,0.35,1.32,0.3819,-0.6181,0.0949,-0.1158,-0.0987,0.0653,0.0089,-0.0151,0.35,1.32,0.4285,-0.5715,0.0690,-0.0867,-0.0696,0.0950,0.0196,-0.0282,2.00,2.70,0.4359,-0.5641,0.0700,-0.0599,-0.0428,0.1167,0.0300,-0.0417
2026-08-19 19:50:52,DXCM,Nasdaq 100,89.88,90.00,0.3721,1.80,1.90,0.5074,-0.4926,0.0861,-0.1379,-0.1256,0.0496,0.0084,-0.0088,2.99,2.83,0.5232,-0.4768,0.0421,-0.1405,-0.1282,0.0701,0.0166,-0.0179,2.75,2.70,0.5289,-0.4711,0.0372,-0.1072,-0.0949,0.0858,0.0249,-0.0268
2026-08-19 19:50:52,EA,Nasdaq 100,209.70,210.00,0.1000,1.11,1.21,0.4892,-0.5108,0.1373,-0.0966,-0.0679,0.1158,0.0195,-0.0208,1.69,1.59,0.5138,-0.4862,0.0971,-0.0730,-0.0443,0.1637,0.0407,-0.0397,2.16,1.86,0.5288,-0.4712,0.0791,-0.0625,-0.0339,0.2001,0.0626,-0.0579
2026-08-19 19:50:52,EMR,S&P 500,157.60,160.00,0.3407,3.90,3.50,0.3911,-0.6089,0.0516,-0.2121,-0.1902,0.0838,0.0114,-0.0192,3.55,2.45,0.4412,-0.5588,0.0349,-0.1684,-0.1466,0.1218,0.0253,-0.0360,3.48,3.02,0.4472,-0.5528,0.0346,-0.1167,-0.0948,0.1495,0.0384,-0.0534
2026-08-19 19:50:52,EXC,Nasdaq 100,45.30,45.00,0.3906,0.76,0.20,0.5666,-0.4334,0.1605,-0.0722,-0.0661,0.0247,0.0047,-0.0039,0.76,0.20,0.5597,-0.4403,0.1138,-0.0521,-0.0459,0.0350,0.0091,-0.0081,1.13,0.90,0.5885,-0.4115,0.1802,-0.0235,-0.0174,0.0423,0.0147,-0.0111
2026-08-19 19:50:52,FANG,Nasdaq 100,208.55,210.00,0.3179,1.50,3.40,0.4548,-0.5452,0.0432,-0.2725,-0.2438,0.1145,0.0176,-0.0226,1.50,3.40,0.4803,-0.5197,0.0307,-0.1978,-0.1691,0.1627,0.0366,-0.0438,7.50,8.17,0.4979,-0.5021,0.0225,-0.1814,-0.1527,0.1996,0.0559,-0.0646
2026-08-19 19:50:52,FAST,Nasdaq 100,51.44,50.00,0.4922,1.54,0.10,0.6789,-0.3211,0.1021,-0.0942,-0.0873,0.0255,0.0063,-0.0033,1.54,0.10,0.6416,-0.3584,0.0753,-0.0703,-0.0635,0.0376,0.0116,-0.0076,2.35,0.75,0.6883,-0.3117,0.1004,-0.0342,-0.0274,0.0436,0.0190,-0.0096
2026-08-19 19:50:52,FDX,S&P 500,328.38,330.00,0.3512,5.37,5.88,0.4772,-0.5228,0.0249,-0.4750,-0.4299,0.1811,0.0290,-0.0343,10.53,7.32,0.4922,-0.5078,0.0201,-0.3035,-0.2584,0.2565,0.0591,-0.0672,7.50,8.98,0.5006,-0.4994,0.0186,-0.2255,-0.1804,0.3142,0.0898,-0.0995
2026-08-19 19:50:52,FER,Nasdaq 100,64.64,65.00,0.5000,0.45,0.65,0.4873,-0.5127,0.0891,-0.1316,-0.1227,0.0357,0.0057,-0.0067,0.45,0.65,0.5047,-0.4953,0.0630,-0.0943,-0.0854,0.0505,0.0116,-0.0133,2.05,1.92,0.5071,-0.4929,0.0662,-0.0614,-0.0525,0.0618,0.0175,-0.0198
2026-08-19 19:50:52,FTNT,Nasdaq 100,152.85,155.00,0.4972,5.47,5.17,0.4386,-0.5614,0.0375,-0.3051,-0.2839,0.0834,0.0122,-0.0175,5.40,6.43,0.4661,-0.5339,0.0283,-0.2085,-0.1873,0.1190,0.0255,-0.0338,6.15,7.65,0.4863,-0.5137,0.0220,-0.1813,-0.1602,0.1462,0.0391,-0.0499
2026-08-19 19:50:52,GD,S&P 500,392.34,390.00,0.2424,8.27,2.93,0.5885,-0.4115,0.0295,-0.3967,-0.3433,0.2114,0.0430,-0.0317,13.70,5.68,0.5733,-0.4267,0.0203,-0.3006,-0.2473,0.3014,0.0827,-0.0666,11.70,7.05,0.5742,-0.4258,0.0180,-0.2332,-0.1799,0.3689,0.1236,-0.1002
2026-08-19 19:50:52,GE,S&P 500,356.23,360.00,0.3251,5.47,7.65,0.4247,-0.5753,0.0244,-0.4690,-0.4197,0.1933,0.0281,-0.0409,7.80,9.47,0.4578,-0.5422,0.0178,-0.3378,-0.2886,0.2768,0.0597,-0.0781,9.22,11.55,0.4742,-0.5258,0.0149,-0.2747,-0.2255,0.3402,0.0918,-0.1147
2026-08-19 19:50:52,GEHC,Nasdaq 100,74.62,75.00,0.5134,1.55,1.50,0.4911,-0.5089,0.0752,-0.1559,-0.1456,0.0412,0.0066,-0.0077,0.95,3.00,0.4977,-0.5023,0.0722,-0.0835,-0.0733,0.0583,0.0134,-0.0153,1.20,0.90,0.5187,-0.4813,0.0417,-0.0955,-0.0853,0.0713,0.0201,-0.0229
2026-08-19 19:50:52,GEV,S&P 500,987.46,990.00,0.5033,25.80,32.14,0.5047,-0.4953,0.0058,-2.0258,-1.8904,0.5455,0.0905,-0.0992,42.00,41.00,0.5169,-0.4831,0.0041,-1.4416,-1.3062,0.7708,0.1811,-0.1979,121.24,47.42,0.5245,-0.4755,0.0034,-1.1655,-1.0303,0.9431,0.2713,-0.2967
2026-08-19 19:50:52,GILD,Nasdaq 100 / S&P 500,147.60,150.00,0.2998,1.71,0.50,0.3652,-0.6348,0.0613,-0.1717,-0.1512,0.0768,0.0101,-0.0187,2.45,2.12,0.4527,-0.5473,0.0307,-0.1913,-0.1707,0.1145,0.0240,-0.0334,0.89,3.75,0.4665,-0.5335,0.0272,-0.1473,-0.1268,0.1407,0.0368,-0.0493
2026-08-19 19:50:52,GM,S&P 500,84.96,85.00,0.3208,1.60,1.69,0.5132,-0.4868,0.1056,-0.1133,-0.1016,0.0469,0.0081,-0.0082,2.35,2.20,0.5217,-0.4783,0.0755,-0.0809,-0.0692,0.0663,0.0162,-0.0164,2.55,2.40,0.5277,-0.4723,0.0629,-0.0658,-0.0541,0.0811,0.0243,-0.0245
2026-08-19 19:50:52,GOOG,Nasdaq 100 / S&P 500,341.70,340.00,0.2872,7.15,5.26,0.5673,-0.4327,0.0289,-0.4075,-0.3609,0.1861,0.0359,-0.0292,9.40,7.12,0.5583,-0.4417,0.0196,-0.3085,-0.2621,0.2641,0.0696,-0.0605,10.40,8.40,0.5586,-0.4414,0.0165,-0.2495,-0.2030,0.3234,0.1035,-0.0915
2026-08-19 19:50:52,GOOGL,Nasdaq 100 / S&P 500,344.72,340.00,0.2836,7.75,3.11,0.6536,-0.3464,0.0273,-0.3865,-0.3400,0.1761,0.0416,-0.0235,11.00,5.95,0.6161,-0.3839,0.0188,-0.3054,-0.2589,0.2578,0.0772,-0.0529,11.90,7.05,0.6057,-0.3943,0.0156,-0.2534,-0.2069,0.3182,0.1127,-0.0823
2026-08-19 19:50:52,GS,Dow 30 / S&P 500,1021.65,1020.00,0.3340,18.80,19.80,0.5314,-0.4686,0.0084,-1.4141,-1.2745,0.5627,0.1003,-0.0952,24.25,28.65,0.5350,-0.4650,0.0063,-0.9733,-0.8338,0.7952,0.1992,-0.1912,28.00,32.40,0.5389,-0.4611,0.0052,-0.7869,-0.6476,0.9730,0.2981,-0.2871
2026-08-19 19:50:52,HD,Dow 30 / S&P 500,344.30,340.00,0.2888,8.51,3.63,0.6399,-0.3601,0.0272,-0.3971,-0.3506,0.1784,0.0407,-0.0244,9.36,5.85,0.6179,-0.3821,0.0209,-0.2762,-0.2297,0.2572,0.0778,-0.0524,10.33,7.86,0.6133,-0.3867,0.0186,-0.2151,-0.1687,0.3161,0.1151,-0.0799
2026-08-19 19:50:52,HON,Dow 30 / Nasdaq 100 / S&P 500,221.73,220.00,0.4111,9.65,2.72,0.5726,-0.4274,0.0311,-0.3703,-0.3402,0.1205,0.0232,-0.0190,10.93,3.18,0.5650,-0.4350,0.0227,-0.2602,-0.2301,0.1709,0.0450,-0.0392,17.20,4.59,0.5650,-0.4350,0.0197,-0.2036,-0.1736,0.2094,0.0668,-0.0594
2026-08-19 19:50:52,IBM,Dow 30 / S&P 500,237.16,240.00,0.3364,3.50,6.36,0.4162,-0.5838,0.0353,-0.3210,-0.2881,0.1281,0.0183,-0.0277,5.12,9.97,0.4540,-0.5460,0.0249,-0.2390,-0.2062,0.1841,0.0393,-0.0526,6.65,9.17,0.4746,-0.5254,0.0197,-0.2055,-0.1728,0.2265,0.0607,-0.0770
2026-08-19 19:50:52,IDXX,Nasdaq 100,562.20,560.00,0.3868,8.70,2.20,0.5469,-0.4531,0.0132,-0.8926,-0.8160,0.3085,0.0564,-0.0509,8.70,2.20,0.5458,-0.4542,0.0093,-0.6424,-0.5658,0.4364,0.1105,-0.1038,17.70,15.37,0.5478,-0.4522,0.0077,-0.5244,-0.4479,0.5341,0.1643,-0.1570
2026-08-19 19:50:52,INSM,Nasdaq 100,130.66,130.00,0.4141,1.35,2.70,0.5532,-0.4468,0.0528,-0.2210,-0.2032,0.0715,0.0132,-0.0117,1.35,2.70,0.5504,-0.4496,0.0374,-0.1590,-0.1412,0.1013,0.0258,-0.0240,5.95,5.80,0.5520,-0.4480,0.0315,-0.1273,-0.1095,0.1240,0.0383,-0.0363
2026-08-19 19:50:52,INTC,Dow 30 / Nasdaq 100 / S&P 500,92.80,95.00,0.5728,2.35,4.12,0.4038,-0.5962,0.0526,-0.2085,-0.1955,0.0498,0.0068,-0.0114,4.13,5.78,0.4567,-0.5433,0.0341,-0.1702,-0.1572,0.0721,0.0148,-0.0216,4.85,6.58,0.4743,-0.5257,0.0289,-0.1359,-0.1229,0.0886,0.0227,-0.0318
2026-08-19 19:50:52,INTU,Nasdaq 100 / S&P 500,362.47,360.00,0.7882,20.20,17.40,0.5501,-0.4499,0.0100,-1.1435,-1.0942,0.1987,0.0350,-0.0340,22.90,19.37,0.5526,-0.4474,0.0081,-0.7148,-0.6656,0.2807,0.0688,-0.0690,21.70,21.22,0.5556,-0.4444,0.0072,-0.5426,-0.4934,0.3435,0.1023,-0.1043
2026-08-19 19:50:52,ISRG,Nasdaq 100 / S&P 500,397.72,400.00,0.4597,8.23,7.80,0.4829,-0.5171,0.0157,-0.7459,-0.6912,0.2195,0.0351,-0.0416,11.15,13.73,0.4996,-0.5004,0.0116,-0.5140,-0.4593,0.3107,0.0712,-0.0819,12.70,11.00,0.5092,-0.4908,0.0098,-0.4102,-0.3556,0.3805,0.1075,-0.1219
2026-08-19 19:50:52,JNJ,Dow 30 / S&P 500,273.41,270.00,0.2179,6.15,3.05,0.6782,-0.3218,0.0434,-0.2359,-0.1989,0.1357,0.0345,-0.0172,7.55,3.76,0.6346,-0.3654,0.0306,-0.1880,-0.1511,0.2013,0.0638,-0.0395,7.90,3.10,0.6176,-0.3824,0.0245,-0.1635,-0.1267,0.2502,0.0923,-0.0626
2026-08-19 19:50:52,JPM,Dow 30 / S&P 500,357.26,360.00,0.2069,3.45,5.90,0.4134,-0.5866,0.0381,-0.3045,-0.2553,0.1927,0.0277,-0.0412,5.19,7.79,0.4556,-0.5444,0.0258,-0.2392,-0.1900,0.2774,0.0604,-0.0774,5.90,8.15,0.4726,-0.5274,0.0220,-0.1936,-0.1445,0.3411,0.0934,-0.1131
2026-08-19 19:50:52,KDP,Nasdaq 100,31.06,31.00,0.4629,0.45,0.38,0.5308,-0.4692,0.1998,-0.0587,-0.0545,0.0171,0.0030,-0.0029,0.45,0.38,0.5350,-0.4650,0.1411,-0.0421,-0.0378,0.0242,0.0059,-0.0059,0.90,0.87,0.5406,-0.4594,0.1715,-0.0240,-0.0198,0.0296,0.0091,-0.0087
2026-08-19 19:50:52,KHC,Nasdaq 100,25.68,26.00,0.4395,0.59,0.54,0.4375,-0.5625,0.2521,-0.0455,-0.0419,0.0140,0.0021,-0.0029,0.52,1.47,0.4421,-0.5579,0.2576,-0.0231,-0.0195,0.0199,0.0042,-0.0058,0.51,1.54,0.4519,-0.5481,0.2466,-0.0167,-0.0131,0.0244,0.0064,-0.0085
2026-08-19 19:50:52,KLAC,Nasdaq 100,187.27,185.00,0.5785,10.00,5.60,0.5809,-0.4191,0.0260,-0.4326,-0.4073,0.1013,0.0195,-0.0160,6.40,8.70,0.5717,-0.4283,0.0184,-0.3126,-0.2873,0.1439,0.0373,-0.0335,28.05,7.65,0.5707,-0.4293,0.0151,-0.2554,-0.2301,0.1764,0.0547,-0.0514
2026-08-19 19:50:52,KO,Dow 30 / S&P 500,90.35,90.00,0.1958,1.37,0.88,0.5762,-0.4238,0.1599,-0.0755,-0.0632,0.0490,0.0098,-0.0075,1.63,1.05,0.5657,-0.4343,0.1093,-0.0573,-0.0450,0.0696,0.0190,-0.0155,1.99,1.37,0.5656,-0.4344,0.0910,-0.0472,-0.0349,0.0853,0.0282,-0.0234
2026-08-19 19:50:52,LIN,Nasdaq 100 / S&P 500,481.13,480.00,0.2827,4.60,1.70,0.5415,-0.4585,0.0211,-0.5684,-0.5027,0.2644,0.0484,-0.0436,4.60,1.70,0.5417,-0.4583,0.0149,-0.4116,-0.3460,0.3739,0.0955,-0.0883,13.04,10.60,0.5464,-0.4536,0.0136,-0.3096,-0.2440,0.4573,0.1438,-0.1316
2026-08-19 19:50:52,LITE,Nasdaq 100,827.60,830.00,0.7751,40.70,45.74,0.5142,-0.4858,0.0045,-2.5832,-2.4696,0.4569,0.0750,-0.0841,54.40,56.70,0.5287,-0.4713,0.0031,-1.8932,-1.7797,0.6449,0.1482,-0.1696,64.30,61.41,0.5373,-0.4627,0.0026,-1.5216,-1.4082,0.7885,0.2203,-0.2559
2026-08-19 19:50:52,LLY,S&P 500,1280.34,1280.00,0.3647,30.08,24.85,0.5197,-0.4803,0.0062,-1.9281,-1.7529,0.7065,0.1225,-0.1227,35.81,33.69,0.5264,-0.4736,0.0045,-1.3354,-1.1604,0.9982,0.2445,-0.2455,46.40,46.15,0.5317,-0.4683,0.0036,-1.1271,-0.9523,1.2213,0.3653,-0.3690
2026-08-19 19:50:52,LMT,S&P 500,589.15,590.00,0.3268,12.50,6.90,0.5048,-0.4952,0.0150,-0.7989,-0.7182,0.3255,0.0550,-0.0580,22.63,12.00,0.5151,-0.4849,0.0114,-0.5388,-0.4581,0.4600,0.1110,-0.1149,16.93,8.90,0.5219,-0.4781,0.0102,-0.4116,-0.3310,0.5629,0.1677,-0.1708
2026-08-19 19:50:52,LOW,S&P 500,220.00,220.00,0.3511,4.80,3.86,0.5176,-0.4824,0.0373,-0.3195,-0.2894,0.1214,0.0210,-0.0212,6.80,4.74,0.5250,-0.4750,0.0246,-0.2446,-0.2145,0.1716,0.0418,-0.0425,7.40,4.70,0.5304,-0.4696,0.0215,-0.1904,-0.1603,0.2099,0.0627,-0.0635
2026-08-19 19:50:52,LRCX,Nasdaq 100 / S&P 500,307.17,310.00,0.5971,11.00,12.76,0.4769,-0.5231,0.0157,-0.7414,-0.6990,0.1694,0.0264,-0.0330,15.30,16.35,0.4990,-0.5010,0.0110,-0.5357,-0.4933,0.2400,0.0536,-0.0650,17.25,18.98,0.5110,-0.4890,0.0091,-0.4364,-0.3941,0.2938,0.0807,-0.0971
2026-08-19 19:50:52,MA,S&P 500,573.72,570.00,0.2549,10.90,5.11,0.5906,-0.4094,0.0192,-0.6071,-0.5291,0.3088,0.0630,-0.0462,12.62,5.62,0.5791,-0.4209,0.0142,-0.4277,-0.3497,0.4394,0.1223,-0.0959,13.70,13.39,0.5767,-0.4233,0.0120,-0.3471,-0.2693,0.5388,0.1813,-0.1457
2026-08-19 19:50:52,MAR,Nasdaq 100,359.95,360.00,0.2913,6.09,4.62,0.5162,-0.4838,0.0274,-0.4381,-0.3888,0.1987,0.0345,-0.0345,9.92,6.42,0.5238,-0.4762,0.0190,-0.3231,-0.2739,0.2807,0.0690,-0.0688,8.13,13.23,0.5296,-0.4704,0.0161,-0.2585,-0.2093,0.3435,0.1037,-0.1028
2026-08-19 19:50:52,MCD,Dow 30 / S&P 500,267.45,270.00,0.2147,2.47,5.05,0.3928,-0.6072,0.0483,-0.2325,-0.1955,0.1424,0.0197,-0.0320,3.00,7.06,0.4298,-0.5702,0.0380,-0.1602,-0.1232,0.2057,0.0429,-0.0605,3.80,5.16,0.4501,-0.5499,0.0331,-0.1286,-0.0918,0.2539,0.0670,-0.0879
2026-08-19 19:50:52,MCHP,Nasdaq 100,77.08,75.00,0.4607,4.17,1.40,0.6829,-0.3171,0.0724,-0.1319,-0.1217,0.0380,0.0095,-0.0049,3.90,2.00,0.6430,-0.3570,0.0530,-0.0999,-0.0897,0.0563,0.0175,-0.0112,4.50,2.50,0.6269,-0.3731,0.0434,-0.0846,-0.0743,0.0700,0.0251,-0.0179
2026-08-19 19:50:52,MDLZ,Nasdaq 100 / S&P 500,64.16,65.00,0.2627,0.51,0.56,0.3771,-0.6229,0.1627,-0.0666,-0.0577,0.0338,0.0045,-0.0079,0.75,3.07,0.4511,-0.5489,0.0879,-0.0674,-0.0586,0.0498,0.0105,-0.0143,1.05,2.52,0.4464,-0.5536,0.1006,-0.0407,-0.0319,0.0608,0.0157,-0.0215
2026-08-19 19:50:52,MDT,S&P 500,94.13,95.00,0.2476,1.08,6.30,0.4117,-0.5883,0.1206,-0.0949,-0.0819,0.0507,0.0073,-0.0110,2.18,2.33,0.4733,-0.5267,0.0595,-0.1009,-0.0879,0.0734,0.0162,-0.0202,2.52,2.93,0.4862,-0.5138,0.0510,-0.0801,-0.0671,0.0900,0.0247,-0.0298
2026-08-19 19:50:52,MELI,Nasdaq 100,1908.65,1910.00,0.4210,46.12,41.62,0.5134,-0.4866,0.0036,-3.2974,-3.0360,1.0539,0.1794,-0.1866,44.68,57.00,0.5219,-0.4781,0.0026,-2.2757,-2.0146,1.4890,0.3585,-0.3727,65.70,73.40,0.5288,-0.4712,0.0020,-1.9728,-1.7119,1.8216,0.5349,-0.5609
2026-08-19 19:50:52,META,Nasdaq 100 / S&P 500,546.03,550.00,0.3491,5.33,12.28,0.4578,-0.5422,0.0150,-0.7810,-0.7057,0.3000,0.0462,-0.0591,15.30,17.50,0.4855,-0.5145,0.0100,-0.6029,-0.5277,0.4263,0.0961,-0.1144,18.34,20.70,0.4978,-0.5022,0.0083,-0.4915,-0.4163,0.5225,0.1460,-0.1695
2026-08-19 19:50:52,MMM,Dow 30 / S&P 500,180.66,180.00,0.2991,2.46,2.35,0.5526,-0.4474,0.0529,-0.2246,-0.1999,0.0989,0.0185,-0.0160,4.50,3.58,0.5595,-0.4405,0.0500,-0.1245,-0.0999,0.1396,0.0374,-0.0315,4.35,2.90,0.5602,-0.4398,0.0419,-0.1017,-0.0771,0.1709,0.0557,-0.0475
2026-08-19 19:50:52,MNST,Nasdaq 100,47.43,47.00,0.2822,0.38,0.35,0.6091,-0.3909,0.2071,-0.0547,-0.0482,0.0252,0.0053,-0.0037,0.38,0.35,0.5898,-0.4102,0.1483,-0.0401,-0.0336,0.0361,0.0102,-0.0078,1.30,1.20,0.5906,-0.4094,0.1361,-0.0301,-0.0236,0.0442,0.0153,-0.0117
2026-08-19 19:50:52,MO,S&P 500,66.03,65.00,0.2935,1.85,0.58,0.6667,-0.3333,0.1355,-0.0755,-0.0666,0.0332,0.0081,-0.0043,1.55,0.79,0.6341,-0.3659,0.1017,-0.0552,-0.0463,0.0486,0.0152,-0.0096,2.10,0.79,0.6243,-0.3757,0.0878,-0.0444,-0.0355,0.0601,0.0223,-0.0149
2026-08-19 19:50:52,MPWR,Nasdaq 100,1300.14,1300.00,0.5536,28.50,24.52,0.5208,-0.4792,0.0040,-2.9238,-2.7459,0.7173,0.1221,-0.1270,28.50,24.52,0.5291,-0.4709,0.0028,-2.0895,-1.9118,1.0131,0.2418,-0.2559,89.10,81.02,0.5358,-0.4642,0.0023,-1.7538,-1.5762,1.2391,0.3593,-0.3865
2026-08-19 19:50:52,MRK,Dow 30 / S&P 500,152.20,150.00,0.2556,5.07,0.81,0.6758,-0.3242,0.0667,-0.1520,-0.1314,0.0758,0.0191,-0.0097,5.99,1.00,0.5970,-0.4030,0.0317,-0.1804,-0.1599,0.1154,0.0325,-0.0249,6.96,0.38,0.6582,-0.3418,0.0533,-0.0734,-0.0529,0.1340,0.0552,-0.0309
2026-08-19 19:50:52,MRVL,Nasdaq 100,237.27,240.00,0.9784,14.05,16.75,0.4962,-0.5038,0.0124,-0.9306,-0.8977,0.1311,0.0203,-0.0256,16.28,19.35,0.5131,-0.4869,0.0096,-0.6051,-0.5723,0.1853,0.0408,-0.0511,17.80,21.15,0.5227,-0.4773,0.0084,-0.4639,-0.4311,0.2267,0.0610,-0.0767
2026-08-19 19:50:52,MS,S&P 500,214.23,210.00,0.3572,6.60,2.20,0.6727,-0.3273,0.0341,-0.2920,-0.2633,0.1071,0.0263,-0.0139,12.30,3.27,0.6385,-0.3615,0.0256,-0.2132,-0.1845,0.1572,0.0493,-0.0311,10.65,4.00,0.6268,-0.3732,0.0219,-0.1728,-0.1441,0.1946,0.0718,-0.0487
2026-08-19 19:50:52,MSFT,Dow 30 / Nasdaq 100 / S&P 500,484.31,480.00,0.2326,8.24,5.40,0.6268,-0.3732,0.0243,-0.4622,-0.3965,0.2539,0.0565,-0.0354,12.62,8.65,0.5926,-0.4074,0.0154,-0.3880,-0.3223,0.3682,0.1051,-0.0786,14.30,10.65,0.5859,-0.4141,0.0126,-0.3238,-0.2582,0.4527,0.1544,-0.1209
2026-08-19 19:50:52,MSTR,Nasdaq 100,104.25,105.00,0.7336,4.80,5.35,0.4959,-0.5041,0.0377,-0.3083,-0.2940,0.0576,0.0092,-0.0110,6.45,6.94,0.5142,-0.4858,0.0266,-0.2203,-0.2060,0.0814,0.0184,-0.0218,7.40,7.80,0.5249,-0.4751,0.0219,-0.1789,-0.1645,0.0996,0.0274,-0.0328
2026-08-19 19:50:52,MU,Nasdaq 100 / S&P 500,937.10,940.00,0.5671,30.24,37.00,0.5049,-0.4951,0.0054,-2.1579,-2.0292,0.5177,0.0853,-0.0948,49.40,52.50,0.5212,-0.4788,0.0034,-1.7263,-1.5978,0.7311,0.1696,-0.1902,57.18,60.30,0.5296,-0.4704,0.0028,-1.4030,-1.2746,0.8943,0.2531,-0.2862
2026-08-19 19:50:52,NEE,S&P 500,85.91,85.00,0.2222,2.42,0.92,0.6527,-0.3473,0.1397,-0.0772,-0.0656,0.0439,0.0104,-0.0058,2.14,1.25,0.6259,-0.3741,0.1053,-0.0558,-0.0442,0.0638,0.0198,-0.0127,2.18,1.51,0.6197,-0.3803,0.0920,-0.0445,-0.0329,0.0785,0.0293,-0.0194
2026-08-19 19:50:52,NFLX,Nasdaq 100 / S&P 500,80.22,80.00,0.3267,1.82,1.50,0.5416,-0.4584,0.1093,-0.1086,-0.0976,0.0441,0.0080,-0.0073,2.38,2.04,0.5415,-0.4585,0.0758,-0.0798,-0.0689,0.0623,0.0158,-0.0148,2.77,2.37,0.5440,-0.4560,0.0621,-0.0659,-0.0549,0.0763,0.0235,-0.0224
2026-08-19 19:50:52,NKE,Dow 30 / S&P 500,41.05,41.00,0.3232,0.87,0.86,0.5283,-0.4717,0.2166,-0.0551,-0.0495,0.0226,0.0040,-0.0038,1.03,1.25,0.5329,-0.4671,0.1639,-0.0373,-0.0317,0.0320,0.0080,-0.0077,1.18,1.41,0.5372,-0.4628,0.1382,-0.0300,-0.0244,0.0391,0.0120,-0.0115
2026-08-19 19:50:52,NOW,S&P 500,127.20,125.00,0.5454,5.81,3.35,0.6108,-0.3892,0.0399,-0.2731,-0.2560,0.0675,0.0139,-0.0100,7.43,4.20,0.5924,-0.4076,0.0284,-0.1991,-0.1820,0.0967,0.0263,-0.0215,8.49,5.00,0.5883,-0.4117,0.0240,-0.1593,-0.1422,0.1187,0.0386,-0.0331
2026-08-19 19:50:52,NVDA,Nasdaq 100 / S&P 500,217.56,220.00,0.2910,2.13,4.41,0.4080,-0.5920,0.0443,-0.2550,-0.2249,0.1170,0.0165,-0.0256,7.15,9.15,0.4757,-0.5243,0.0208,-0.2856,-0.2555,0.1697,0.0371,-0.0471,7.90,10.00,0.4866,-0.5134,0.0184,-0.2187,-0.1886,0.2081,0.0564,-0.0698
2026-08-19 19:50:52,NXPI,Nasdaq 100,226.02,230.00,0.4426,2.10,5.30,0.4058,-0.5942,0.0280,-0.3958,-0.3643,0.1214,0.0168,-0.0272,2.10,5.30,0.4460,-0.5540,0.0202,-0.2896,-0.2581,0.1750,0.0363,-0.0518,9.60,12.80,0.4693,-0.5307,0.0159,-0.2496,-0.2182,0.2156,0.0562,-0.0758
2026-08-19 19:50:52,ODFL,Nasdaq 100,205.08,210.00,0.4063,1.70,5.50,0.3534,-0.6466,0.0322,-0.3159,-0.2871,0.1056,0.0134,-0.0268,1.70,5.50,0.4075,-0.5925,0.0238,-0.2370,-0.2083,0.1559,0.0303,-0.0501,8.50,10.21,0.4209,-0.5791,0.0222,-0.1752,-0.1465,0.1924,0.0467,-0.0738
2026-08-19 19:50:52,ORCL,S&P 500,143.81,145.00,0.5532,4.70,5.69,0.4774,-0.5226,0.0362,-0.3223,-0.3025,0.0793,0.0124,-0.0154,6.04,7.22,0.4993,-0.5007,0.0250,-0.2360,-0.2162,0.1124,0.0253,-0.0302,10.22,11.20,0.5234,-0.4766,0.0156,-0.2514,-0.2316,0.1374,0.0377,-0.0455
2026-08-19 19:50:52,ORLY,Nasdaq 100,91.20,90.00,0.6397,1.40,0.45,0.5811,-0.4189,0.0484,-0.2322,-0.2198,0.0493,0.0094,-0.0078,1.40,0.45,0.5729,-0.4271,0.0343,-0.1665,-0.1542,0.0701,0.0180,-0.0164,3.90,1.80,0.5996,-0.4004,0.0565,-0.0700,-0.0577,0.0845,0.0295,-0.0222
2026-08-19 19:50:52,PANW,Nasdaq 100,359.76,360.00,0.5175,12.80,11.58,0.5159,-0.4841,0.0155,-0.7581,-0.7088,0.1986,0.0336,-0.0354,21.28,21.60,0.5317,-0.4683,0.0078,-0.7466,-0.6973,0.2802,0.0655,-0.0723,23.79,24.62,0.5367,-0.4633,0.0071,-0.5542,-0.5051,0.3428,0.0980,-0.1085
2026-08-19 19:50:52,PAYX,Nasdaq 100,122.50,120.00,0.4316,2.98,0.35,0.6521,-0.3479,0.0505,-0.2037,-0.1872,0.0627,0.0145,-0.0085,2.98,0.35,0.6213,-0.3787,0.0367,-0.1503,-0.1339,0.0913,0.0270,-0.0189,5.67,2.54,0.6341,-0.3659,0.0397,-0.0947,-0.0783,0.1105,0.0416,-0.0272
2026-08-19 19:50:52,PCAR,Nasdaq 100,127.47,125.00,0.5884,3.68,0.25,0.6151,-0.3849,0.0368,-0.2936,-0.2764,0.0675,0.0140,-0.0100,3.68,0.25,0.5964,-0.4036,0.0264,-0.2126,-0.1955,0.0967,0.0264,-0.0215,5.60,1.81,0.6514,-0.3486,0.0462,-0.0812,-0.0641,0.1131,0.0450,-0.0267
2026-08-19 19:50:52,PDD,Nasdaq 100,90.20,90.00,0.5925,3.65,3.60,0.5318,-0.4682,0.0537,-0.2164,-0.2041,0.0497,0.0086,-0.0086,4.00,3.85,0.5365,-0.4635,0.0425,-0.1386,-0.1263,0.0702,0.0171,-0.0174,3.90,4.05,0.5413,-0.4587,0.0345,-0.1148,-0.1025,0.0859,0.0253,-0.0263
2026-08-19 19:50:52,PEP,Nasdaq 100 / S&P 500,142.58,145.00,0.2341,1.00,2.85,0.3180,-0.6820,0.0772,-0.1239,-0.1040,0.0704,0.0085,-0.0193,1.47,5.56,0.3818,-0.6182,0.0581,-0.0966,-0.0768,0.1065,0.0202,-0.0353,1.86,5.96,0.3939,-0.6061,0.0566,-0.0697,-0.0499,0.1316,0.0313,-0.0519
2026-08-19 19:50:52,PFE,S&P 500,28.24,28.00,0.2588,0.59,0.29,0.6113,-0.3887,0.3787,-0.0300,-0.0262,0.0150,0.0032,-0.0022,0.72,0.39,0.5932,-0.4068,0.2774,-0.0216,-0.0178,0.0215,0.0062,-0.0046,0.82,0.60,0.5868,-0.4132,0.2286,-0.0179,-0.0141,0.0264,0.0090,-0.0070
2026-08-19 19:50:52,PG,Dow 30 / S&P 500,144.38,145.00,0.2014,1.50,1.82,0.4581,-0.5419,0.0985,-0.1230,-0.1032,0.0793,0.0124,-0.0154,2.30,2.34,0.4870,-0.5130,0.0634,-0.0988,-0.0790,0.1127,0.0261,-0.0294,2.36,3.68,0.4992,-0.5008,0.0541,-0.0795,-0.0597,0.1382,0.0398,-0.0434
2026-08-19 19:50:52,PLTR,Nasdaq 100 / S&P 500,175.19,175.00,0.4631,5.35,5.00,0.5255,-0.4745,0.0354,-0.3315,-0.3076,0.0966,0.0168,-0.0168,7.07,6.40,0.5313,-0.4687,0.0248,-0.2400,-0.2161,0.1365,0.0331,-0.0338,8.25,7.50,0.5363,-0.4637,0.0205,-0.1950,-0.1711,0.1669,0.0494,-0.0510
2026-08-19 19:50:52,PM,S&P 500,189.93,190.00,0.3217,3.15,3.30,0.5142,-0.4858,0.0471,-0.2538,-0.2278,0.1049,0.0181,-0.0183,3.66,6.20,0.5222,-0.4778,0.0362,-0.1694,-0.1434,0.1482,0.0363,-0.0364,4.20,6.70,0.5283,-0.4717,0.0307,-0.1360,-0.1100,0.1813,0.0546,-0.0544
2026-08-19 19:50:52,PYPL,Nasdaq 100,61.25,60.00,0.3594,1.89,0.57,0.6767,-0.3233,0.1178,-0.0836,-0.0754,0.0305,0.0076,-0.0039,2.30,0.95,0.6411,-0.3589,0.0885,-0.0614,-0.0532,0.0448,0.0141,-0.0088,2.53,1.16,0.6359,-0.3641,0.0808,-0.0465,-0.0383,0.0552,0.0209,-0.0135
2026-08-19 19:50:52,QCOM,Nasdaq 100 / S&P 500,161.91,160.00,0.4597,5.65,3.21,0.5922,-0.4078,0.0377,-0.2983,-0.2764,0.0870,0.0174,-0.0133,7.00,5.02,0.5790,-0.4210,0.0271,-0.2133,-0.1914,0.1240,0.0333,-0.0279,7.81,6.29,0.5765,-0.4235,0.0230,-0.1702,-0.1483,0.1521,0.0491,-0.0427
2026-08-19 19:50:52,REGN,Nasdaq 100,840.84,840.00,0.3623,19.15,6.76,0.5256,-0.4744,0.0094,-1.2579,-1.1429,0.4636,0.0814,-0.0796,27.82,105.09,0.5305,-0.4695,0.0067,-0.9009,-0.7860,0.6550,0.1616,-0.1600,28.70,9.15,0.5352,-0.4648,0.0057,-0.7143,-0.5996,0.8015,0.2420,-0.2399
2026-08-19 19:50:52,ROP,Nasdaq 100,407.32,410.00,0.7163,4.10,89.81,0.4973,-0.5027,0.0099,-1.1770,-1.1209,0.2250,0.0360,-0.0426,4.10,89.81,0.5148,-0.4852,0.0070,-0.8393,-0.7833,0.3180,0.0720,-0.0849,10.27,21.80,0.5012,-0.4988,0.0110,-0.3701,-0.3141,0.3898,0.1096,-0.1257
2026-08-19 19:50:52,ROST,Nasdaq 100,234.69,230.00,0.5475,12.95,5.97,0.6243,-0.3757,0.0213,-0.5010,-0.4695,0.1233,0.0262,-0.0178,8.70,2.75,0.6021,-0.3979,0.0152,-0.3667,-0.3352,0.1773,0.0493,-0.0387,10.69,6.44,0.6032,-0.3968,0.0146,-0.2594,-0.2280,0.2170,0.0738,-0.0581
2026-08-19 19:50:52,RTX,S&P 500,220.35,220.00,0.3146,3.71,2.17,0.5320,-0.4680,0.0414,-0.2882,-0.2581,0.1213,0.0217,-0.0205,5.50,2.17,0.5366,-0.4634,0.0334,-0.1842,-0.1541,0.1714,0.0434,-0.0408,5.65,4.45,0.5405,-0.4595,0.0281,-0.1491,-0.1190,0.2098,0.0650,-0.0612
2026-08-19 19:50:52,SBUX,Nasdaq 100 / S&P 500,104.98,105.00,0.4919,1.64,1.64,0.5181,-0.4819,0.0557,-0.2106,-0.1963,0.0579,0.0099,-0.0102,2.65,2.17,0.5236,-0.4764,0.0572,-0.1062,-0.0918,0.0819,0.0200,-0.0202,2.78,1.64,0.5292,-0.4708,0.0497,-0.0829,-0.0686,0.1002,0.0301,-0.0302
2026-08-19 19:50:52,SCHW,S&P 500,110.88,110.00,0.2224,2.00,1.17,0.6199,-0.3801,0.1115,-0.1020,-0.0870,0.0585,0.0128,-0.0083,2.52,1.62,0.5947,-0.4053,0.0767,-0.0786,-0.0636,0.0842,0.0243,-0.0178,3.15,1.75,0.5890,-0.4110,0.0639,-0.0649,-0.0499,0.1035,0.0358,-0.0273
2026-08-19 19:50:52,SHOP,Nasdaq 100,146.58,145.00,0.4377,4.20,3.11,0.5890,-0.4110,0.0438,-0.2581,-0.2383,0.0790,0.0157,-0.0121,6.20,4.45,0.5706,-0.4294,0.0269,-0.2152,-0.1954,0.1127,0.0295,-0.0260,8.12,4.15,0.5690,-0.4310,0.0221,-0.1766,-0.1568,0.1382,0.0433,-0.0399
2026-08-19 19:50:52,SNDK,Nasdaq 100,1568.87,1570.00,0.8393,88.00,90.82,0.5240,-0.4760,0.0022,-5.2894,-5.0746,0.8652,0.1437,-0.1571,126.42,111.80,0.5364,-0.4636,0.0015,-3.8491,-3.6344,1.2207,0.2821,-0.3190,135.00,131.97,0.5441,-0.4559,0.0013,-3.0584,-2.8439,1.4921,0.4184,-0.4823
2026-08-19 19:50:52,SNPS,Nasdaq 100,401.24,400.00,0.6892,20.53,16.00,0.5359,-0.4641,0.0104,-1.1141,-1.0594,0.2208,0.0382,-0.0385,35.60,17.00,0.5403,-0.4597,0.0085,-0.6870,-0.6324,0.3119,0.0757,-0.0775,33.40,18.34,0.5442,-0.4558,0.0075,-0.5233,-0.4686,0.3816,0.1129,-0.1166
2026-08-19 19:50:52,SO,S&P 500,92.19,90.00,0.2703,3.39,0.37,0.7539,-0.2461,0.0913,-0.0868,-0.0745,0.0402,0.0128,-0.0045,2.63,0.50,0.7151,-0.2849,0.0772,-0.0619,-0.0496,0.0613,0.0241,-0.0104,3.31,0.80,0.6971,-0.3029,0.0687,-0.0506,-0.0383,0.0772,0.0350,-0.0166
2026-08-19 19:50:52,SPG,S&P 500,223.18,220.00,0.3530,3.50,0.50,0.6322,-0.3678,0.0345,-0.3122,-0.2821,0.1165,0.0259,-0.0163,3.50,0.50,0.6064,-0.3936,0.0249,-0.2294,-0.1993,0.1681,0.0488,-0.0354,6.79,4.90,0.6421,-0.3579,0.0329,-0.1196,-0.0896,0.1999,0.0786,-0.0476
2026-08-19 19:50:52,STX,Nasdaq 100,832.56,830.00,0.7886,41.00,38.20,0.5365,-0.4635,0.0044,-2.6360,-2.5224,0.4580,0.0784,-0.0806,120.66,49.96,0.5430,-0.4570,0.0032,-1.8127,-1.6992,0.6467,0.1537,-0.1641,61.50,57.63,0.5483,-0.4517,0.0027,-1.4260,-1.3126,0.7908,0.2280,-0.2482
2026-08-19 19:50:52,T,S&P 500,25.12,25.00,0.2764,0.44,0.26,0.5672,-0.4328,0.4090,-0.0289,-0.0255,0.0137,0.0026,-0.0021,0.59,0.38,0.5599,-0.4401,0.2891,-0.0211,-0.0176,0.0194,0.0052,-0.0044,0.73,0.47,0.5601,-0.4399,0.2437,-0.0170,-0.0136,0.0238,0.0077,-0.0067
2026-08-19 19:50:52,TMO,S&P 500,613.54,610.00,0.3555,16.90,4.95,0.5642,-0.4358,0.0130,-0.8951,-0.8116,0.3346,0.0637,-0.0532,13.50,40.60,0.5589,-0.4411,0.0096,-0.6256,-0.5422,0.4741,0.1243,-0.1092,19.36,7.17,0.5599,-0.4401,0.0083,-0.4898,-0.4065,0.5805,0.1852,-0.1648
2026-08-19 19:50:52,TMUS,Nasdaq 100 / S&P 500,182.36,180.00,0.4207,7.20,2.80,0.6061,-0.3939,0.0362,-0.3063,-0.2817,0.0972,0.0201,-0.0144,7.20,5.10,0.6012,-0.3988,0.0316,-0.1826,-0.1580,0.1379,0.0396,-0.0293,6.90,6.26,0.5991,-0.4009,0.0285,-0.1388,-0.1142,0.1691,0.0589,-0.0444
2026-08-19 19:50:52,TRI,Nasdaq 100,104.95,105.00,0.5005,2.59,2.56,0.5166,-0.4834,0.0548,-0.2141,-0.1998,0.0579,0.0098,-0.0103,2.59,2.56,0.5254,-0.4746,0.0387,-0.1533,-0.1389,0.0818,0.0195,-0.0206,6.57,6.85,0.5342,-0.4658,0.0278,-0.1422,-0.1279,0.1001,0.0289,-0.0313
2026-08-19 19:50:52,TRV,Dow 30,362.22,360.00,0.3447,5.00,0.85,0.5686,-0.4314,0.0227,-0.5126,-0.4633,0.1972,0.0379,-0.0311,5.00,0.85,0.5609,-0.4391,0.0161,-0.3707,-0.3214,0.2797,0.0736,-0.0642,11.57,6.75,0.5727,-0.4273,0.0185,-0.2252,-0.1760,0.3408,0.1135,-0.0930
2026-08-19 19:50:52,TSLA,Nasdaq 100 / S&P 500,351.12,350.00,0.4047,8.85,7.17,0.5407,-0.4593,0.0202,-0.5826,-0.5347,0.1930,0.0348,-0.0323,13.50,11.47,0.5409,-0.4591,0.0134,-0.4436,-0.3957,0.2729,0.0680,-0.0660,15.65,13.27,0.5440,-0.4560,0.0111,-0.3609,-0.3131,0.3339,0.1011,-0.0997
2026-08-19 19:50:52,TTWO,Nasdaq 100,237.04,240.00,0.5140,5.95,8.20,0.4502,-0.5498,0.0235,-0.4910,-0.4581,0.1299,0.0194,-0.0266,7.40,9.10,0.4706,-0.5294,0.0189,-0.3133,-0.2805,0.1847,0.0400,-0.0519,9.20,8.30,0.4833,-0.5167,0.0164,-0.2449,-0.2121,0.2266,0.0609,-0.0767
2026-08-19 19:50:52,TXN,Nasdaq 100 / S&P 500,267.45,270.00,0.4287,6.90,5.94,0.4546,-0.5454,0.0250,-0.4655,-0.4285,0.1468,0.0223,-0.0294,8.20,10.04,0.4816,-0.5184,0.0175,-0.3412,-0.3043,0.2087,0.0463,-0.0571,8.80,9.66,0.4932,-0.5068,0.0150,-0.2690,-0.2321,0.2559,0.0703,-0.0846
2026-08-19 19:50:52,UBER,S&P 500,78.04,80.00,0.3457,0.95,2.37,0.3177,-0.6823,0.0954,-0.0984,-0.0875,0.0385,0.0046,-0.0107,1.46,3.33,0.3842,-0.6158,0.0704,-0.0779,-0.0670,0.0584,0.0110,-0.0197,1.80,3.50,0.4134,-0.5866,0.0594,-0.0650,-0.0541,0.0729,0.0175,-0.0284
2026-08-19 19:50:52,UNH,Dow 30 / S&P 500,388.61,390.00,0.2752,6.05,7.40,0.4803,-0.5197,0.0269,-0.4463,-0.3929,0.2144,0.0348,-0.0400,8.14,9.50,0.4984,-0.5016,0.0191,-0.3224,-0.2691,0.3036,0.0712,-0.0781,9.50,10.40,0.5090,-0.4910,0.0155,-0.2698,-0.2165,0.3718,0.1080,-0.1158
2026-08-19 19:50:52,UNP,S&P 500,301.80,300.00,0.2846,7.80,4.38,0.5776,-0.4224,0.0329,-0.3555,-0.3145,0.1636,0.0323,-0.0252,6.20,3.10,0.5795,-0.4205,0.0293,-0.2096,-0.1686,0.2311,0.0646,-0.0503,10.70,3.60,0.5726,-0.4274,0.0227,-0.1843,-0.1433,0.2840,0.0947,-0.0774
2026-08-19 19:50:52,UPS,S&P 500,102.86,105.00,0.2241,0.65,2.79,0.2686,-0.7314,0.1033,-0.0789,-0.0646,0.0470,0.0052,-0.0149,1.11,3.77,0.3507,-0.6493,0.0784,-0.0674,-0.0530,0.0747,0.0134,-0.0268,1.80,3.21,0.3962,-0.6038,0.0621,-0.0623,-0.0480,0.0951,0.0225,-0.0378
2026-08-19 19:50:52,USB,S&P 500,62.82,65.00,0.2207,0.53,1.22,0.1424,-0.8576,0.1173,-0.0321,-0.0232,0.0196,0.0017,-0.0108,0.38,0.94,0.2439,-0.7561,0.1111,-0.0337,-0.0248,0.0386,0.0057,-0.0192,1.69,2.29,0.2904,-0.7096,0.1011,-0.0300,-0.0212,0.0516,0.0102,-0.0271
2026-08-19 19:50:52,V,Dow 30 / S&P 500,365.54,370.00,0.2066,3.00,5.05,0.3534,-0.6466,0.0355,-0.2951,-0.2444,0.1882,0.0243,-0.0466,5.93,6.33,0.4145,-0.5855,0.0248,-0.2390,-0.1884,0.2790,0.0564,-0.0853,8.20,7.16,0.4404,-0.5596,0.0205,-0.2016,-0.1510,0.3459,0.0891,-0.1232
2026-08-19 19:50:52,VRSK,Nasdaq 100,186.45,185.00,0.5855,0.38,1.79,0.5591,-0.4409,0.0261,-0.4394,-0.4141,0.1019,0.0187,-0.0168,0.38,1.79,0.5565,-0.4435,0.0185,-0.3145,-0.2892,0.1442,0.0362,-0.0346,7.74,7.10,0.5638,-0.4362,0.0225,-0.1776,-0.1523,0.1761,0.0559,-0.0502
2026-08-19 19:50:52,VRTX,Nasdaq 100,552.06,550.00,0.3833,10.00,12.65,0.5458,-0.4542,0.0135,-0.8690,-0.7938,0.3030,0.0553,-0.0501,14.75,19.30,0.5453,-0.4547,0.0098,-0.6116,-0.5364,0.4285,0.1087,-0.1019,14.95,51.91,0.5487,-0.4513,0.0089,-0.4586,-0.3835,0.5243,0.1630,-0.1525
2026-08-19 19:50:52,VZ,Dow 30 / S&P 500,49.36,49.00,0.2422,0.82,0.60,0.6040,-0.3960,0.2327,-0.0495,-0.0428,0.0263,0.0055,-0.0038,1.07,0.84,0.5837,-0.4163,0.1596,-0.0378,-0.0312,0.0377,0.0106,-0.0082,1.30,1.47,0.5747,-0.4253,0.1213,-0.0338,-0.0271,0.0464,0.0154,-0.0127
2026-08-19 19:50:52,WBD,Nasdaq 100,28.53,29.00,0.2344,0.23,0.61,0.3236,-0.6764,0.3880,-0.0250,-0.0210,0.0142,0.0017,-0.0038,0.35,1.34,0.4571,-0.5429,0.1489,-0.0394,-0.0354,0.0222,0.0047,-0.0064,0.47,0.79,0.4868,-0.5132,0.1041,-0.0381,-0.0341,0.0273,0.0072,-0.0094
2026-08-19 19:50:52,WDAY,Nasdaq 100,198.42,200.00,0.6401,8.40,9.20,0.4863,-0.5137,0.0227,-0.5133,-0.4859,0.1096,0.0173,-0.0210,7.34,10.46,0.5032,-0.4968,0.0170,-0.3459,-0.3185,0.1550,0.0349,-0.0416,8.40,11.31,0.5106,-0.4894,0.0154,-0.2582,-0.2309,0.1898,0.0526,-0.0621
2026-08-19 19:50:52,WDC,Nasdaq 100,462.09,460.00,0.7301,23.05,20.50,0.5418,-0.4582,0.0085,-1.3556,-1.2927,0.2539,0.0442,-0.0439,30.50,26.95,0.5465,-0.4535,0.0059,-0.9760,-0.9131,0.3586,0.0861,-0.0900,34.60,31.92,0.5515,-0.4485,0.0049,-0.7861,-0.7233,0.4385,0.1273,-0.1366
2026-08-19 19:50:52,WFC,S&P 500,85.94,85.00,0.2573,1.78,0.86,0.6381,-0.3619,0.1224,-0.0893,-0.0776,0.0446,0.0102,-0.0061,2.37,1.15,0.6094,-0.3906,0.0872,-0.0672,-0.0556,0.0646,0.0192,-0.0134,2.60,1.38,0.6006,-0.3994,0.0725,-0.0557,-0.0440,0.0796,0.0281,-0.0207
2026-08-19 19:50:52,WMT,Dow 30 / Nasdaq 100 / S&P 500,114.30,115.00,0.4251,2.81,3.58,0.4769,-0.5231,0.0592,-0.1985,-0.1828,0.0630,0.0100,-0.0120,3.10,3.72,0.4897,-0.5103,0.0504,-0.1200,-0.1043,0.0893,0.0203,-0.0237,3.35,4.04,0.4989,-0.5011,0.0450,-0.0915,-0.0758,0.1094,0.0309,-0.0351
2026-08-19 19:50:52,XEL,Nasdaq 100,79.41,80.00,0.5820,0.17,0.72,0.4842,-0.5158,0.0623,-0.1872,-0.1763,0.0438,0.0069,-0.0084,0.17,0.72,0.5035,-0.4965,0.0441,-0.1340,-0.1230,0.0620,0.0140,-0.0166,1.55,2.18,0.4738,-0.5262,0.1004,-0.0426,-0.0316,0.0758,0.0208,-0.0251
2026-08-19 19:50:52,XOM,S&P 500,164.77,165.00,0.2832,2.70,2.75,0.5034,-0.4966,0.0617,-0.1952,-0.1726,0.0910,0.0154,-0.0162,3.80,3.66,0.5156,-0.4844,0.0397,-0.1539,-0.1314,0.1286,0.0310,-0.0321,4.70,3.80,0.5223,-0.4777,0.0353,-0.1181,-0.0956,0.1574,0.0469,-0.0478
2026-08-19 19:50:52,ZS,Nasdaq 100,184.60,185.00,0.5183,6.90,5.66,0.5076,-0.4924,0.0301,-0.3896,-0.3643,0.1020,0.0170,-0.0185,14.13,13.92,0.5341,-0.4659,0.0124,-0.4680,-0.4427,0.1437,0.0329,-0.0379,14.30,14.38,0.5388,-0.4612,0.0115,-0.3389,-0.3136,0.1758,0.0493,-0.0569
2026-08-19 19:52:03,AAPL,Dow 30 / Nasdaq 100 / S&P 500,316.83,320.00,0.2315,2.83,6.82,0.3956,-0.6044,0.0379,-0.2962,-0.2524,0.1690,0.0235,-0.0378,5.25,8.92,0.4457,-0.5543,0.0251,-0.2414,-0.1976,0.2452,0.0522,-0.0703,6.70,9.20,0.4667,-0.5333,0.0203,-0.2046,-0.1609,0.3021,0.0812,-0.1024
2026-08-19 19:52:03,ABBV,S&P 500,265.97,270.00,0.2664,2.46,4.00,0.3582,-0.6418,0.0381,-0.2745,-0.2375,0.1376,0.0178,-0.0339,4.02,19.10,0.4128,-0.5872,0.0276,-0.2110,-0.1741,0.2028,0.0405,-0.0628,5.28,25.35,0.4363,-0.5637,0.0234,-0.1731,-0.1363,0.2513,0.0637,-0.0912
2026-08-19 19:52:03,ABNB,Nasdaq 100,186.39,185.00,0.3482,4.79,2.70,0.5790,-0.4210,0.0435,-0.2652,-0.2399,0.1010,0.0199,-0.0156,5.90,3.90,0.5641,-0.4359,0.0277,-0.2136,-0.1883,0.1437,0.0378,-0.0330,6.90,4.50,0.5614,-0.4386,0.0215,-0.1853,-0.1600,0.1762,0.0554,-0.0507
2026-08-19 19:52:03,ABT,S&P 500,114.43,115.00,0.2471,1.42,2.52,0.4601,-0.5399,0.1014,-0.1180,-0.1023,0.0629,0.0098,-0.0122,2.05,6.90,0.4864,-0.5136,0.0682,-0.0905,-0.0748,0.0894,0.0205,-0.0235,2.50,7.56,0.4997,-0.5003,0.0545,-0.0769,-0.0612,0.1095,0.0313,-0.0347
2026-08-19 19:52:03,ACN,S&P 500,183.17,185.00,0.5161,5.00,5.03,0.4642,-0.5358,0.0303,-0.3826,-0.3573,0.1008,0.0155,-0.0200,6.79,6.00,0.4892,-0.5108,0.0213,-0.2785,-0.2532,0.1431,0.0318,-0.0391,7.61,7.93,0.4988,-0.5012,0.0188,-0.2129,-0.1877,0.1753,0.0480,-0.0581
2026-08-19 19:52:03,ADBE,Nasdaq 100 / S&P 500,272.47,270.00,0.4723,9.15,6.48,0.5740,-0.4260,0.0220,-0.5193,-0.4824,0.1479,0.0284,-0.0234,12.17,8.33,0.5636,-0.4364,0.0144,-0.4028,-0.3659,0.2102,0.0542,-0.0492,17.26,13.25,0.5623,-0.4377,0.0109,-0.3568,-0.3200,0.2575,0.0790,-0.0759
2026-08-19 19:52:03,ADI,Nasdaq 100,373.26,370.00,0.4481,12.77,6.64,0.5745,-0.4255,0.0169,-0.6763,-0.6257,0.2026,0.0390,-0.0319,30.00,10.20,0.5680,-0.4320,0.0128,-0.4573,-0.4067,0.2874,0.0759,-0.0658,15.00,12.30,0.5665,-0.4335,0.0107,-0.3716,-0.3211,0.3522,0.1119,-0.1003
2026-08-19 19:52:03,ADP,Nasdaq 100,277.22,280.00,0.3972,4.50,6.32,0.4457,-0.5543,0.0259,-0.4468,-0.4085,0.1517,0.0228,-0.0309,4.05,4.68,0.4670,-0.5330,0.0209,-0.2874,-0.2491,0.2159,0.0471,-0.0601,6.97,4.50,0.4823,-0.5177,0.0174,-0.2348,-0.1966,0.2650,0.0722,-0.0884
2026-08-19 19:52:03,ADSK,Nasdaq 100,251.29,250.00,0.6705,12.00,10.30,0.5447,-0.4553,0.0170,-0.6781,-0.6439,0.1380,0.0243,-0.0236,16.10,8.85,0.5473,-0.4527,0.0128,-0.4544,-0.4202,0.1950,0.0477,-0.0480,15.05,11.70,0.5505,-0.4495,0.0118,-0.3317,-0.2975,0.2385,0.0714,-0.0721
2026-08-19 19:52:03,AEP,Nasdaq 100,126.27,125.00,0.5083,1.19,0.43,0.5763,-0.4237,0.0441,-0.2580,-0.2409,0.0685,0.0131,-0.0108,1.19,0.43,0.5677,-0.4323,0.0313,-0.1855,-0.1685,0.0972,0.0253,-0.0226,3.70,1.91,0.5958,-0.4042,0.0501,-0.0811,-0.0640,0.1173,0.0410,-0.0307
2026-08-19 19:52:03,ALNY,Nasdaq 100,242.61,240.00,0.5010,4.65,3.00,0.5810,-0.4190,0.0232,-0.4879,-0.4551,0.1313,0.0255,-0.0205,4.65,3.00,0.5710,-0.4290,0.0165,-0.3512,-0.3184,0.1865,0.0489,-0.0430,13.92,16.10,0.5689,-0.4311,0.0134,-0.2920,-0.2593,0.2287,0.0717,-0.0660
2026-08-19 19:52:03,AMAT,Nasdaq 100 / S&P 500,496.17,500.00,0.5467,15.75,20.25,0.4796,-0.5204,0.0106,-1.0998,-1.0314,0.2738,0.0431,-0.0527,21.97,28.20,0.5010,-0.4990,0.0073,-0.8095,-0.7411,0.3877,0.0875,-0.1039,25.74,32.45,0.5119,-0.4881,0.0061,-0.6544,-0.5861,0.4746,0.1317,-0.1551
2026-08-19 19:52:03,AMD,Nasdaq 100 / S&P 500,466.42,470.00,0.5006,12.00,14.90,0.4754,-0.5246,0.0123,-0.9485,-0.8842,0.2572,0.0403,-0.0497,20.00,22.10,0.5010,-0.4990,0.0078,-0.7569,-0.6926,0.3644,0.0823,-0.0976,24.18,25.10,0.5108,-0.4892,0.0067,-0.5983,-0.5341,0.4462,0.1239,-0.1457
2026-08-19 19:52:03,AMGN,Dow 30 / Nasdaq 100 / S&P 500,442.36,440.00,0.3269,8.85,6.95,0.5643,-0.4357,0.0197,-0.5961,-0.5359,0.2412,0.0461,-0.0382,11.04,13.75,0.5570,-0.4430,0.0136,-0.4416,-0.3815,0.3421,0.0894,-0.0790,12.35,6.50,0.5579,-0.4421,0.0116,-0.3508,-0.2907,0.4188,0.1331,-0.1193
2026-08-19 19:52:03,AMT,S&P 500,174.49,175.00,0.2759,1.05,2.85,0.4872,-0.5128,0.0598,-0.2012,-0.1772,0.0964,0.0158,-0.0177,1.05,2.85,0.5034,-0.4966,0.0423,-0.1459,-0.1219,0.1363,0.0323,-0.0347,5.29,5.30,0.5135,-0.4865,0.0331,-0.1261,-0.1022,0.1669,0.0488,-0.0516
2026-08-19 19:52:03,AMZN,Dow 30 / Nasdaq 100 / S&P 500,265.84,270.00,0.2781,2.44,6.75,0.3598,-0.6402,0.0365,-0.2863,-0.2493,0.1377,0.0179,-0.0339,4.90,8.61,0.4193,-0.5807,0.0252,-0.2314,-0.1945,0.2034,0.0410,-0.0624,6.04,9.55,0.4433,-0.5567,0.0209,-0.1928,-0.1559,0.2518,0.0643,-0.0906
2026-08-19 19:52:03,APP,Nasdaq 100,310.79,310.00,0.5466,12.30,10.13,0.5335,-0.4665,0.0169,-0.6894,-0.6470,0.1711,0.0299,-0.0295,16.80,13.02,0.5379,-0.4621,0.0120,-0.4897,-0.4473,0.2417,0.0588,-0.0599,18.00,15.30,0.5422,-0.4578,0.0102,-0.3892,-0.3469,0.2957,0.0875,-0.0903
2026-08-19 19:52:03,ARM,Nasdaq 100,249.34,250.00,0.6843,11.03,10.67,0.5118,-0.4882,0.0169,-0.6893,-0.6551,0.1377,0.0227,-0.0252,14.65,14.15,0.5253,-0.4747,0.0116,-0.5028,-0.4686,0.1944,0.0450,-0.0507,17.00,16.58,0.5329,-0.4671,0.0098,-0.3994,-0.3653,0.2378,0.0672,-0.0763
2026-08-19 19:52:03,ASML,Nasdaq 100,1751.73,1750.00,0.4518,50.00,44.00,0.5249,-0.4751,0.0036,-3.2372,-2.9977,0.9659,0.1676,-0.1677,94.33,57.50,0.5310,-0.4690,0.0024,-2.4445,-2.2052,1.3645,0.3308,-0.3392,104.60,33.28,0.5359,-0.4641,0.0021,-1.9346,-1.6956,1.6695,0.4941,-0.5098
2026-08-19 19:52:03,AVGO,Nasdaq 100 / S&P 500,362.48,360.00,0.4363,22.80,5.19,0.5634,-0.4366,0.0180,-0.6428,-0.5935,0.1977,0.0372,-0.0318,18.87,16.00,0.5534,-0.4466,0.0097,-0.6017,-0.5525,0.2807,0.0701,-0.0677,19.99,16.70,0.5558,-0.4442,0.0087,-0.4514,-0.4022,0.3435,0.1045,-0.1020
2026-08-19 19:52:03,AXON,Nasdaq 100,645.72,650.00,0.5783,24.13,92.02,0.4878,-0.5122,0.0077,-1.5135,-1.4246,0.3566,0.0568,-0.0678,24.65,72.46,0.5040,-0.4960,0.0057,-1.0297,-0.9409,0.5045,0.1148,-0.1341,26.75,75.00,0.5149,-0.4851,0.0047,-0.8469,-0.7581,0.6175,0.1725,-0.2004
2026-08-19 19:52:03,AXP,Dow 30 / S&P 500,339.90,340.00,0.2472,5.16,4.95,0.5146,-0.4854,0.0343,-0.3547,-0.3081,0.1877,0.0326,-0.0325,9.52,5.45,0.5229,-0.4771,0.0235,-0.2644,-0.2179,0.2651,0.0655,-0.0647,11.20,5.30,0.5291,-0.4709,0.0193,-0.2189,-0.1725,0.3244,0.0985,-0.0966
2026-08-19 19:52:03,BA,Dow 30 / S&P 500,222.20,220.00,0.3058,4.87,3.00,0.6098,-0.3902,0.0408,-0.2758,-0.2457,0.1181,0.0250,-0.0171,6.68,4.40,0.5884,-0.4116,0.0284,-0.2071,-0.1771,0.1693,0.0475,-0.0367,7.10,5.05,0.5824,-0.4176,0.0233,-0.1721,-0.1420,0.2081,0.0698,-0.0564
2026-08-19 19:52:03,BAC,S&P 500,63.17,65.00,0.1939,0.20,2.09,0.1551,-0.8449,0.1406,-0.0302,-0.0213,0.0209,0.0019,-0.0106,0.32,2.30,0.2491,-0.7509,0.1313,-0.0295,-0.0206,0.0392,0.0059,-0.0190,0.46,2.16,0.2887,-0.7113,0.1220,-0.0252,-0.0163,0.0518,0.0102,-0.0271
2026-08-19 19:52:03,BKNG,Nasdaq 100 / S&P 500,213.00,210.00,0.5665,7.30,2.25,0.5918,-0.4082,0.0232,-0.4797,-0.4509,0.1145,0.0226,-0.0177,6.20,4.10,0.5877,-0.4123,0.0199,-0.2872,-0.2585,0.1624,0.0444,-0.0360,6.90,4.50,0.5868,-0.4132,0.0181,-0.2155,-0.1868,0.1990,0.0659,-0.0546
2026-08-19 19:52:03,BKR,Nasdaq 100,64.48,65.00,0.3565,0.32,1.05,0.4528,-0.5472,0.1245,-0.0939,-0.0850,0.0354,0.0054,-0.0071,0.32,1.05,0.4790,-0.5210,0.0885,-0.0681,-0.0592,0.0503,0.0112,-0.0137,2.20,2.20,0.4901,-0.5099,0.0775,-0.0529,-0.0440,0.0617,0.0171,-0.0202
2026-08-19 19:52:03,BLK,S&P 500,1158.92,1160.00,0.2748,20.00,16.54,0.5079,-0.4921,0.0090,-1.3345,-1.1758,0.6401,0.1095,-0.1127,32.20,27.14,0.5179,-0.4821,0.0066,-0.9409,-0.7823,0.9046,0.2208,-0.2233,41.40,23.35,0.5249,-0.4751,0.0058,-0.7357,-0.5772,1.1068,0.3335,-0.3320
2026-08-19 19:52:03,BMY,S&P 500,67.61,70.00,0.3032,0.43,2.69,0.2167,-0.7833,0.1034,-0.0615,-0.0519,0.0275,0.0027,-0.0107,0.80,3.51,0.3187,-0.6813,0.0811,-0.0590,-0.0494,0.0473,0.0079,-0.0189,1.00,2.60,0.3336,-0.6664,0.0784,-0.0431,-0.0336,0.0590,0.0124,-0.0277
2026-08-19 19:52:03,BNY,S&P 500,159.76,160.00,0.3574,1.25,0.90,0.5055,-0.4945,0.0504,-0.2360,-0.2141,0.0883,0.0149,-0.0158,1.25,0.90,0.5163,-0.4837,0.0356,-0.1699,-0.1480,0.1247,0.0299,-0.0313,4.06,3.50,0.5210,-0.4790,0.0437,-0.0973,-0.0754,0.1527,0.0457,-0.0461
2026-08-19 19:52:03,BRK-B,S&P 500,499.62,500.00,0.1693,4.58,3.67,0.5081,-0.4919,0.0340,-0.3679,-0.2995,0.2760,0.0478,-0.0480,6.47,5.10,0.5212,-0.4788,0.0262,-0.2512,-0.1828,0.3898,0.0974,-0.0940,8.65,6.00,0.5304,-0.4696,0.0218,-0.2081,-0.1398,0.4767,0.1480,-0.1389
2026-08-19 19:52:03,C,S&P 500,132.89,135.00,0.2832,1.50,3.51,0.3603,-0.6397,0.0718,-0.1457,-0.1272,0.0689,0.0089,-0.0169,2.11,3.27,0.4156,-0.5844,0.0513,-0.1132,-0.0947,0.1015,0.0203,-0.0313,6.57,4.00,0.4474,-0.5526,0.0393,-0.1024,-0.0840,0.1261,0.0323,-0.0451
2026-08-19 19:52:03,CAT,Dow 30 / S&P 500,816.15,820.00,0.3678,17.30,23.35,0.4808,-0.5192,0.0096,-1.2348,-1.1226,0.4504,0.0724,-0.0848,23.45,30.77,0.5017,-0.4983,0.0062,-0.9707,-0.8586,0.6377,0.1476,-0.1663,31.70,35.15,0.5113,-0.4887,0.0051,-0.7904,-0.6784,0.7807,0.2227,-0.2477
2026-08-19 19:52:03,CCEP,Nasdaq 100,106.68,105.00,0.3369,2.59,0.49,0.6495,-0.3505,0.0744,-0.1408,-0.1265,0.0547,0.0127,-0.0074,2.59,0.49,0.6189,-0.3811,0.0541,-0.1043,-0.0900,0.0796,0.0239,-0.0163,5.11,1.50,0.6303,-0.3697,0.0569,-0.0683,-0.0540,0.0966,0.0365,-0.0237
2026-08-19 19:52:03,CDNS,Nasdaq 100,314.98,310.00,0.4606,23.97,4.78,0.6167,-0.3833,0.0190,-0.5730,-0.5306,0.1665,0.0352,-0.0242,40.06,6.26,0.6011,-0.3989,0.0147,-0.3852,-0.3428,0.2381,0.0675,-0.0512,16.50,8.00,0.5936,-0.4064,0.0122,-0.3172,-0.2748,0.2931,0.0985,-0.0793
2026-08-19 19:52:03,CEG,Nasdaq 100,274.17,270.00,0.4932,8.40,7.00,0.6074,-0.3926,0.0205,-0.5356,-0.4986,0.1459,0.0301,-0.0217,8.71,8.35,0.5904,-0.4096,0.0149,-0.3831,-0.3462,0.2087,0.0572,-0.0462,13.27,9.91,0.5861,-0.4139,0.0126,-0.3075,-0.2706,0.2562,0.0839,-0.0710
2026-08-19 19:52:03,CHTR,Nasdaq 100,152.47,150.00,0.7109,8.10,4.70,0.5890,-0.4110,0.0259,-0.4284,-0.4079,0.0821,0.0158,-0.0129,10.20,9.40,0.5894,-0.4106,0.0242,-0.2342,-0.2137,0.1161,0.0315,-0.0260,10.83,5.75,0.5831,-0.4169,0.0190,-0.2018,-0.1813,0.1427,0.0456,-0.0404
2026-08-19 19:52:03,CL,S&P 500,90.87,90.00,0.2964,4.90,0.73,0.6096,-0.3904,0.1029,-0.1096,-0.0972,0.0483,0.0102,-0.0070,1.85,1.05,0.5972,-0.4028,0.0811,-0.0730,-0.0607,0.0689,0.0199,-0.0146,3.52,1.77,0.5835,-0.4165,0.0602,-0.0670,-0.0547,0.0850,0.0287,-0.0229
2026-08-19 19:52:03,CMCSA,Nasdaq 100 / S&P 500,26.59,27.00,0.3467,0.37,0.65,0.3918,-0.6082,0.3009,-0.0364,-0.0327,0.0141,0.0019,-0.0032,0.47,1.57,0.4406,-0.5594,0.2058,-0.0285,-0.0248,0.0205,0.0043,-0.0061,0.55,1.19,0.4587,-0.5413,0.1755,-0.0229,-0.0192,0.0253,0.0066,-0.0089
2026-08-19 19:52:03,COF,S&P 500,220.73,220.00,0.2697,5.85,2.07,0.5529,-0.4471,0.0480,-0.2490,-0.2189,0.1209,0.0227,-0.0195,6.35,3.95,0.5488,-0.4512,0.0326,-0.1875,-0.1574,0.1712,0.0444,-0.0398,8.29,3.55,0.5486,-0.4514,0.0251,-0.1646,-0.1346,0.2096,0.0657,-0.0606
2026-08-19 19:52:03,COP,S&P 500,130.58,130.00,0.3045,2.65,1.37,0.5594,-0.4406,0.0717,-0.1648,-0.1470,0.0713,0.0135,-0.0114,3.50,1.05,0.5532,-0.4468,0.0488,-0.1237,-0.1060,0.1011,0.0263,-0.0235,4.25,1.92,0.5536,-0.4464,0.0400,-0.1023,-0.0845,0.1238,0.0390,-0.0355
2026-08-19 19:52:03,COST,Nasdaq 100 / S&P 500,956.99,960.00,0.2371,13.40,13.91,0.4801,-0.5199,0.0127,-0.9556,-0.8243,0.5281,0.0859,-0.0980,26.77,16.78,0.4991,-0.5009,0.0088,-0.7060,-0.5747,0.7477,0.1765,-0.1910,25.20,15.64,0.5094,-0.4906,0.0074,-0.5768,-0.4457,0.9155,0.2681,-0.2826
2026-08-19 19:52:03,CPRT,Nasdaq 100,33.85,34.00,0.4356,0.10,1.39,0.4891,-0.5109,0.1953,-0.0603,-0.0557,0.0187,0.0030,-0.0035,0.10,1.39,0.5053,-0.4947,0.1382,-0.0433,-0.0387,0.0264,0.0061,-0.0069,1.20,2.20,0.5145,-0.4855,0.1145,-0.0352,-0.0306,0.0324,0.0092,-0.0103
2026-08-19 19:52:03,CRM,Dow 30 / S&P 500,206.09,210.00,0.6718,7.38,10.50,0.4423,-0.5577,0.0206,-0.5523,-0.5235,0.1127,0.0163,-0.0239,8.63,11.60,0.4641,-0.5359,0.0168,-0.3469,-0.3181,0.1604,0.0337,-0.0467,9.52,12.85,0.4756,-0.5244,0.0152,-0.2612,-0.2325,0.1968,0.0512,-0.0692
2026-08-19 19:52:03,CRWD,Nasdaq 100,201.63,200.00,0.7349,10.60,8.60,0.5557,-0.4443,0.0193,-0.5931,-0.5657,0.1103,0.0197,-0.0186,13.00,11.07,0.5564,-0.4436,0.0145,-0.3980,-0.3707,0.1560,0.0385,-0.0381,12.55,12.15,0.5590,-0.4410,0.0129,-0.3002,-0.2729,0.1908,0.0572,-0.0575
2026-08-19 19:52:03,CSCO,Dow 30 / Nasdaq 100 / S&P 500,110.55,110.00,0.3247,2.69,1.62,0.5615,-0.4385,0.0793,-0.1482,-0.1331,0.0603,0.0115,-0.0096,4.00,2.15,0.5546,-0.4454,0.0539,-0.1115,-0.0965,0.0856,0.0222,-0.0199,4.39,2.30,0.5547,-0.4453,0.0440,-0.0923,-0.0773,0.1048,0.0330,-0.0301
2026-08-19 19:52:03,CSX,Nasdaq 100,50.68,50.00,0.6299,1.15,0.51,0.5830,-0.4170,0.0883,-0.1270,-0.1202,0.0274,0.0053,-0.0043,1.80,0.65,0.5914,-0.4086,0.0947,-0.0607,-0.0539,0.0386,0.0107,-0.0084,2.00,1.24,0.5789,-0.4211,0.0664,-0.0585,-0.0517,0.0475,0.0153,-0.0134
2026-08-19 19:52:03,CTAS,Nasdaq 100,203.08,200.00,0.2905,4.10,1.64,0.6641,-0.3359,0.0446,-0.2306,-0.2032,0.1026,0.0249,-0.0134,7.80,5.33,0.5965,-0.4035,0.0223,-0.2551,-0.2278,0.1540,0.0431,-0.0335,10.37,5.30,0.6185,-0.3815,0.0277,-0.1412,-0.1139,0.1857,0.0680,-0.0468
2026-08-19 19:52:03,CTSH,Nasdaq 100,60.93,60.00,0.6338,1.25,0.40,0.5910,-0.4090,0.0727,-0.1530,-0.1448,0.0328,0.0064,-0.0051,1.25,0.40,0.5798,-0.4202,0.0517,-0.1099,-0.1017,0.0466,0.0122,-0.0108,3.15,2.20,0.5840,-0.4160,0.0533,-0.0723,-0.0641,0.0570,0.0185,-0.0159
2026-08-19 19:52:03,CVS,S&P 500,93.65,95.00,0.2798,1.10,2.08,0.3725,-0.6275,0.1043,-0.1027,-0.0897,0.0491,0.0065,-0.0117,1.50,2.50,0.4275,-0.5725,0.0716,-0.0820,-0.0690,0.0720,0.0147,-0.0217,2.24,2.51,0.4537,-0.5463,0.0568,-0.0713,-0.0583,0.0890,0.0231,-0.0314
2026-08-19 19:52:03,CVX,Dow 30 / S&P 500,205.76,210.00,0.2516,1.61,5.32,0.2944,-0.7056,0.0481,-0.1846,-0.1559,0.0982,0.0114,-0.0289,2.65,12.00,0.3693,-0.6307,0.0357,-0.1527,-0.1239,0.1521,0.0281,-0.0522,3.50,12.75,0.4066,-0.5934,0.0289,-0.1347,-0.1061,0.1915,0.0460,-0.0745
2026-08-19 19:52:03,DASH,Nasdaq 100,220.22,220.00,0.5326,6.50,4.60,0.5253,-0.4747,0.0245,-0.4769,-0.4467,0.1214,0.0209,-0.0212,6.38,6.65,0.5310,-0.4690,0.0194,-0.3056,-0.2755,0.1715,0.0416,-0.0426,9.65,7.20,0.5362,-0.4638,0.0158,-0.2521,-0.2220,0.2099,0.0620,-0.0643
2026-08-19 19:52:03,DDOG,Nasdaq 100,233.52,230.00,0.5208,10.30,5.62,0.6026,-0.3974,0.0229,-0.4820,-0.4506,0.1247,0.0253,-0.0188,13.50,4.95,0.5848,-0.4152,0.0157,-0.3627,-0.3313,0.1783,0.0478,-0.0402,26.20,9.75,0.5814,-0.4186,0.0131,-0.2934,-0.2620,0.2188,0.0701,-0.0619
2026-08-19 19:52:03,DE,S&P 500,580.63,580.00,0.5138,18.57,17.00,0.5256,-0.4744,0.0096,-1.2143,-1.1349,0.3201,0.0553,-0.0559,18.25,17.75,0.5316,-0.4684,0.0071,-0.8312,-0.7519,0.4522,0.1095,-0.1125,20.20,19.35,0.5358,-0.4642,0.0067,-0.5964,-0.5172,0.5534,0.1648,-0.1679
2026-08-19 19:52:03,DHR,S&P 500,211.50,210.00,0.4182,4.70,3.00,0.5669,-0.4331,0.0321,-0.3598,-0.3310,0.1152,0.0219,-0.0183,5.97,2.51,0.5587,-0.4413,0.0215,-0.2734,-0.2447,0.1635,0.0421,-0.0382,4.40,9.72,0.5653,-0.4347,0.0231,-0.1748,-0.1461,0.1997,0.0643,-0.0562
2026-08-19 19:52:03,DIS,Dow 30 / S&P 500,106.93,105.00,0.2561,2.61,0.80,0.7117,-0.2883,0.0900,-0.1025,-0.0882,0.0506,0.0141,-0.0060,3.08,1.23,0.6608,-0.3392,0.0661,-0.0816,-0.0673,0.0767,0.0258,-0.0144,3.08,1.54,0.6479,-0.3521,0.0575,-0.0660,-0.0517,0.0952,0.0377,-0.0226
2026-08-19 19:52:03,DOW,Dow 30,31.75,32.00,0.4033,0.68,0.88,0.4620,-0.5380,0.2239,-0.0522,-0.0479,0.0175,0.0027,-0.0034,0.83,1.31,0.4825,-0.5175,0.1707,-0.0352,-0.0308,0.0248,0.0056,-0.0067,1.02,1.53,0.4938,-0.5062,0.1471,-0.0278,-0.0234,0.0304,0.0084,-0.0099
2026-08-19 19:52:03,DUK,S&P 500,123.60,125.00,0.2349,0.35,1.32,0.3819,-0.6181,0.0949,-0.1158,-0.0987,0.0653,0.0089,-0.0151,0.35,1.32,0.4285,-0.5715,0.0690,-0.0867,-0.0696,0.0950,0.0196,-0.0282,2.00,2.70,0.4359,-0.5641,0.0700,-0.0599,-0.0428,0.1167,0.0300,-0.0417
2026-08-19 19:52:03,DXCM,Nasdaq 100,89.88,90.00,0.3721,1.80,1.90,0.5074,-0.4926,0.0861,-0.1379,-0.1256,0.0496,0.0084,-0.0088,2.99,2.83,0.5232,-0.4768,0.0421,-0.1405,-0.1282,0.0701,0.0166,-0.0179,2.75,2.70,0.5289,-0.4711,0.0372,-0.1072,-0.0949,0.0858,0.0249,-0.0268
2026-08-19 19:52:03,EA,Nasdaq 100,209.70,210.00,0.1000,1.11,1.21,0.4892,-0.5108,0.1373,-0.0966,-0.0679,0.1158,0.0195,-0.0208,1.69,1.59,0.5138,-0.4862,0.0971,-0.0730,-0.0443,0.1637,0.0407,-0.0397,2.16,1.86,0.5288,-0.4712,0.0791,-0.0625,-0.0339,0.2001,0.0626,-0.0579
2026-08-19 19:52:03,EMR,S&P 500,157.60,160.00,0.3407,3.90,3.50,0.3911,-0.6089,0.0516,-0.2121,-0.1902,0.0838,0.0114,-0.0192,3.55,2.45,0.4412,-0.5588,0.0349,-0.1684,-0.1466,0.1218,0.0253,-0.0360,3.48,3.02,0.4472,-0.5528,0.0346,-0.1167,-0.0948,0.1495,0.0384,-0.0534
2026-08-19 19:52:03,EXC,Nasdaq 100,45.30,45.00,0.3906,0.76,0.20,0.5666,-0.4334,0.1605,-0.0722,-0.0661,0.0247,0.0047,-0.0039,0.76,0.20,0.5597,-0.4403,0.1138,-0.0521,-0.0459,0.0350,0.0091,-0.0081,1.13,0.90,0.5885,-0.4115,0.1802,-0.0235,-0.0174,0.0423,0.0147,-0.0111
2026-08-19 19:52:03,FANG,Nasdaq 100,208.55,210.00,0.3179,1.50,3.40,0.4548,-0.5452,0.0432,-0.2725,-0.2438,0.1145,0.0176,-0.0226,1.50,3.40,0.4803,-0.5197,0.0307,-0.1978,-0.1691,0.1627,0.0366,-0.0438,7.50,8.17,0.4979,-0.5021,0.0225,-0.1814,-0.1527,0.1996,0.0559,-0.0646
2026-08-19 19:52:03,FAST,Nasdaq 100,51.44,50.00,0.4922,1.54,0.10,0.6789,-0.3211,0.1021,-0.0942,-0.0873,0.0255,0.0063,-0.0033,1.54,0.10,0.6416,-0.3584,0.0753,-0.0703,-0.0635,0.0376,0.0116,-0.0076,2.35,0.75,0.6883,-0.3117,0.1004,-0.0342,-0.0274,0.0436,0.0190,-0.0096
2026-08-19 19:52:03,FDX,S&P 500,328.38,330.00,0.3512,5.37,5.88,0.4772,-0.5228,0.0249,-0.4750,-0.4299,0.1811,0.0290,-0.0343,10.53,7.32,0.4922,-0.5078,0.0201,-0.3035,-0.2584,0.2565,0.0591,-0.0672,7.50,8.98,0.5006,-0.4994,0.0186,-0.2255,-0.1804,0.3142,0.0898,-0.0995
2026-08-19 19:52:03,FER,Nasdaq 100,64.64,65.00,0.5000,0.45,0.65,0.4873,-0.5127,0.0891,-0.1316,-0.1227,0.0357,0.0057,-0.0067,0.45,0.65,0.5047,-0.4953,0.0630,-0.0943,-0.0854,0.0505,0.0116,-0.0133,2.05,1.92,0.5071,-0.4929,0.0662,-0.0614,-0.0525,0.0618,0.0175,-0.0198
2026-08-19 19:52:03,FTNT,Nasdaq 100,152.85,155.00,0.4972,5.47,5.17,0.4386,-0.5614,0.0375,-0.3051,-0.2839,0.0834,0.0122,-0.0175,5.40,6.43,0.4661,-0.5339,0.0283,-0.2085,-0.1873,0.1190,0.0255,-0.0338,6.15,7.65,0.4863,-0.5137,0.0220,-0.1813,-0.1602,0.1462,0.0391,-0.0499
2026-08-19 19:52:03,GD,S&P 500,392.34,390.00,0.2424,8.27,2.93,0.5885,-0.4115,0.0295,-0.3967,-0.3433,0.2114,0.0430,-0.0317,13.70,5.68,0.5733,-0.4267,0.0203,-0.3006,-0.2473,0.3014,0.0827,-0.0666,11.70,7.05,0.5742,-0.4258,0.0180,-0.2332,-0.1799,0.3689,0.1236,-0.1002
2026-08-19 19:52:03,GE,S&P 500,356.23,360.00,0.3251,5.47,7.65,0.4247,-0.5753,0.0244,-0.4690,-0.4197,0.1933,0.0281,-0.0409,7.80,9.47,0.4578,-0.5422,0.0178,-0.3378,-0.2886,0.2768,0.0597,-0.0781,9.22,11.55,0.4742,-0.5258,0.0149,-0.2747,-0.2255,0.3402,0.0918,-0.1147
2026-08-19 19:52:03,GEHC,Nasdaq 100,74.62,75.00,0.5134,1.55,1.50,0.4911,-0.5089,0.0752,-0.1559,-0.1456,0.0412,0.0066,-0.0077,0.95,3.00,0.4977,-0.5023,0.0722,-0.0835,-0.0733,0.0583,0.0134,-0.0153,1.20,0.90,0.5187,-0.4813,0.0417,-0.0955,-0.0853,0.0713,0.0201,-0.0229
2026-08-19 19:52:03,GEV,S&P 500,987.46,990.00,0.5033,25.80,32.14,0.5047,-0.4953,0.0058,-2.0258,-1.8904,0.5455,0.0905,-0.0992,42.00,41.00,0.5169,-0.4831,0.0041,-1.4416,-1.3062,0.7708,0.1811,-0.1979,121.24,47.42,0.5245,-0.4755,0.0034,-1.1655,-1.0303,0.9431,0.2713,-0.2967
2026-08-19 19:52:03,GILD,Nasdaq 100 / S&P 500,147.60,150.00,0.2998,1.71,0.50,0.3652,-0.6348,0.0613,-0.1717,-0.1512,0.0768,0.0101,-0.0187,2.45,2.12,0.4527,-0.5473,0.0307,-0.1913,-0.1707,0.1145,0.0240,-0.0334,0.89,3.75,0.4665,-0.5335,0.0272,-0.1473,-0.1268,0.1407,0.0368,-0.0493
2026-08-19 19:52:03,GM,S&P 500,84.96,85.00,0.3208,1.60,1.69,0.5132,-0.4868,0.1056,-0.1133,-0.1016,0.0469,0.0081,-0.0082,2.35,2.20,0.5217,-0.4783,0.0755,-0.0809,-0.0692,0.0663,0.0162,-0.0164,2.55,2.40,0.5277,-0.4723,0.0629,-0.0658,-0.0541,0.0811,0.0243,-0.0245
2026-08-19 19:52:03,GOOG,Nasdaq 100 / S&P 500,341.70,340.00,0.2872,7.15,5.26,0.5673,-0.4327,0.0289,-0.4075,-0.3609,0.1861,0.0359,-0.0292,9.40,7.12,0.5583,-0.4417,0.0196,-0.3085,-0.2621,0.2641,0.0696,-0.0605,10.40,8.40,0.5586,-0.4414,0.0165,-0.2495,-0.2030,0.3234,0.1035,-0.0915
2026-08-19 19:52:03,GOOGL,Nasdaq 100 / S&P 500,344.72,340.00,0.2836,7.75,3.11,0.6536,-0.3464,0.0273,-0.3865,-0.3400,0.1761,0.0416,-0.0235,11.00,5.95,0.6161,-0.3839,0.0188,-0.3054,-0.2589,0.2578,0.0772,-0.0529,11.90,7.05,0.6057,-0.3943,0.0156,-0.2534,-0.2069,0.3182,0.1127,-0.0823
2026-08-19 19:52:03,GS,Dow 30 / S&P 500,1021.65,1020.00,0.3340,18.80,19.80,0.5314,-0.4686,0.0084,-1.4141,-1.2745,0.5627,0.1003,-0.0952,24.25,28.65,0.5350,-0.4650,0.0063,-0.9733,-0.8338,0.7952,0.1992,-0.1912,28.00,32.40,0.5389,-0.4611,0.0052,-0.7869,-0.6476,0.9730,0.2981,-0.2871
2026-08-19 19:52:03,HD,Dow 30 / S&P 500,344.30,340.00,0.2888,8.51,3.63,0.6399,-0.3601,0.0272,-0.3971,-0.3506,0.1784,0.0407,-0.0244,9.36,5.85,0.6179,-0.3821,0.0209,-0.2762,-0.2297,0.2572,0.0778,-0.0524,10.33,7.86,0.6133,-0.3867,0.0186,-0.2151,-0.1687,0.3161,0.1151,-0.0799
2026-08-19 19:52:03,HON,Dow 30 / Nasdaq 100 / S&P 500,221.73,220.00,0.4111,9.65,2.72,0.5726,-0.4274,0.0311,-0.3703,-0.3402,0.1205,0.0232,-0.0190,10.93,3.18,0.5650,-0.4350,0.0227,-0.2602,-0.2301,0.1709,0.0450,-0.0392,17.20,4.59,0.5650,-0.4350,0.0197,-0.2036,-0.1736,0.2094,0.0668,-0.0594
2026-08-19 19:52:03,IBM,Dow 30 / S&P 500,237.16,240.00,0.3364,3.50,6.36,0.4162,-0.5838,0.0353,-0.3210,-0.2881,0.1281,0.0183,-0.0277,5.12,9.97,0.4540,-0.5460,0.0249,-0.2390,-0.2062,0.1841,0.0393,-0.0526,6.65,9.17,0.4746,-0.5254,0.0197,-0.2055,-0.1728,0.2265,0.0607,-0.0770
2026-08-19 19:52:03,IDXX,Nasdaq 100,562.20,560.00,0.3868,8.70,2.20,0.5469,-0.4531,0.0132,-0.8926,-0.8160,0.3085,0.0564,-0.0509,8.70,2.20,0.5458,-0.4542,0.0093,-0.6424,-0.5658,0.4364,0.1105,-0.1038,17.70,15.37,0.5478,-0.4522,0.0077,-0.5244,-0.4479,0.5341,0.1643,-0.1570
2026-08-19 19:52:03,INSM,Nasdaq 100,130.66,130.00,0.4141,1.35,2.70,0.5532,-0.4468,0.0528,-0.2210,-0.2032,0.0715,0.0132,-0.0117,1.35,2.70,0.5504,-0.4496,0.0374,-0.1590,-0.1412,0.1013,0.0258,-0.0240,5.95,5.80,0.5520,-0.4480,0.0315,-0.1273,-0.1095,0.1240,0.0383,-0.0363
2026-08-19 19:52:03,INTC,Dow 30 / Nasdaq 100 / S&P 500,92.80,95.00,0.5728,2.35,4.12,0.4038,-0.5962,0.0526,-0.2085,-0.1955,0.0498,0.0068,-0.0114,4.13,5.78,0.4567,-0.5433,0.0341,-0.1702,-0.1572,0.0721,0.0148,-0.0216,4.85,6.58,0.4743,-0.5257,0.0289,-0.1359,-0.1229,0.0886,0.0227,-0.0318
2026-08-19 19:52:03,INTU,Nasdaq 100 / S&P 500,362.47,360.00,0.7882,20.20,17.40,0.5501,-0.4499,0.0100,-1.1435,-1.0942,0.1987,0.0350,-0.0340,22.90,19.37,0.5526,-0.4474,0.0081,-0.7148,-0.6656,0.2807,0.0688,-0.0690,21.70,21.22,0.5556,-0.4444,0.0072,-0.5426,-0.4934,0.3435,0.1023,-0.1043
2026-08-19 19:52:03,ISRG,Nasdaq 100 / S&P 500,397.72,400.00,0.4597,8.23,7.80,0.4829,-0.5171,0.0157,-0.7459,-0.6912,0.2195,0.0351,-0.0416,11.15,13.73,0.4996,-0.5004,0.0116,-0.5140,-0.4593,0.3107,0.0712,-0.0819,12.70,11.00,0.5092,-0.4908,0.0098,-0.4102,-0.3556,0.3805,0.1075,-0.1219
2026-08-19 19:52:03,JNJ,Dow 30 / S&P 500,273.41,270.00,0.2179,6.15,3.05,0.6782,-0.3218,0.0434,-0.2359,-0.1989,0.1357,0.0345,-0.0172,7.55,3.76,0.6346,-0.3654,0.0306,-0.1880,-0.1511,0.2013,0.0638,-0.0395,7.90,3.10,0.6176,-0.3824,0.0245,-0.1635,-0.1267,0.2502,0.0923,-0.0626
2026-08-19 19:52:03,JPM,Dow 30 / S&P 500,357.26,360.00,0.2069,3.45,5.90,0.4134,-0.5866,0.0381,-0.3045,-0.2553,0.1927,0.0277,-0.0412,5.19,7.79,0.4556,-0.5444,0.0258,-0.2392,-0.1900,0.2774,0.0604,-0.0774,5.90,8.15,0.4726,-0.5274,0.0220,-0.1936,-0.1445,0.3411,0.0934,-0.1131
2026-08-19 19:52:03,KDP,Nasdaq 100,31.06,31.00,0.4629,0.45,0.38,0.5308,-0.4692,0.1998,-0.0587,-0.0545,0.0171,0.0030,-0.0029,0.45,0.38,0.5350,-0.4650,0.1411,-0.0421,-0.0378,0.0242,0.0059,-0.0059,0.90,0.87,0.5406,-0.4594,0.1715,-0.0240,-0.0198,0.0296,0.0091,-0.0087
2026-08-19 19:52:03,KHC,Nasdaq 100,25.68,26.00,0.4395,0.59,0.54,0.4375,-0.5625,0.2521,-0.0455,-0.0419,0.0140,0.0021,-0.0029,0.52,1.47,0.4421,-0.5579,0.2576,-0.0231,-0.0195,0.0199,0.0042,-0.0058,0.51,1.54,0.4519,-0.5481,0.2466,-0.0167,-0.0131,0.0244,0.0064,-0.0085
2026-08-19 19:52:03,KLAC,Nasdaq 100,187.27,185.00,0.5785,10.00,5.60,0.5809,-0.4191,0.0260,-0.4326,-0.4073,0.1013,0.0195,-0.0160,6.40,8.70,0.5717,-0.4283,0.0184,-0.3126,-0.2873,0.1439,0.0373,-0.0335,28.05,7.65,0.5707,-0.4293,0.0151,-0.2554,-0.2301,0.1764,0.0547,-0.0514
2026-08-19 19:52:03,KO,Dow 30 / S&P 500,90.35,90.00,0.1958,1.37,0.88,0.5762,-0.4238,0.1599,-0.0755,-0.0632,0.0490,0.0098,-0.0075,1.63,1.05,0.5657,-0.4343,0.1093,-0.0573,-0.0450,0.0696,0.0190,-0.0155,1.99,1.37,0.5656,-0.4344,0.0910,-0.0472,-0.0349,0.0853,0.0282,-0.0234
2026-08-19 19:52:03,LIN,Nasdaq 100 / S&P 500,481.13,480.00,0.2827,4.60,1.70,0.5415,-0.4585,0.0211,-0.5684,-0.5027,0.2644,0.0484,-0.0436,4.60,1.70,0.5417,-0.4583,0.0149,-0.4116,-0.3460,0.3739,0.0955,-0.0883,13.04,10.60,0.5464,-0.4536,0.0136,-0.3096,-0.2440,0.4573,0.1438,-0.1316
2026-08-19 19:52:03,LITE,Nasdaq 100,827.60,830.00,0.7751,40.70,45.74,0.5142,-0.4858,0.0045,-2.5832,-2.4696,0.4569,0.0750,-0.0841,54.40,56.70,0.5287,-0.4713,0.0031,-1.8932,-1.7797,0.6449,0.1482,-0.1696,64.30,61.41,0.5373,-0.4627,0.0026,-1.5216,-1.4082,0.7885,0.2203,-0.2559
2026-08-19 19:52:03,LLY,S&P 500,1280.34,1280.00,0.3647,30.08,24.85,0.5197,-0.4803,0.0062,-1.9281,-1.7529,0.7065,0.1225,-0.1227,35.81,33.69,0.5264,-0.4736,0.0045,-1.3354,-1.1604,0.9982,0.2445,-0.2455,46.40,46.15,0.5317,-0.4683,0.0036,-1.1271,-0.9523,1.2213,0.3653,-0.3690
2026-08-19 19:52:03,LMT,S&P 500,589.15,590.00,0.3268,12.50,6.90,0.5048,-0.4952,0.0150,-0.7989,-0.7182,0.3255,0.0550,-0.0580,22.63,12.00,0.5151,-0.4849,0.0114,-0.5388,-0.4581,0.4600,0.1110,-0.1149,16.93,8.90,0.5219,-0.4781,0.0102,-0.4116,-0.3310,0.5629,0.1677,-0.1708
2026-08-19 19:52:03,LOW,S&P 500,220.00,220.00,0.3511,4.80,3.86,0.5176,-0.4824,0.0373,-0.3195,-0.2894,0.1214,0.0210,-0.0212,6.80,4.74,0.5250,-0.4750,0.0246,-0.2446,-0.2145,0.1716,0.0418,-0.0425,7.40,4.70,0.5304,-0.4696,0.0215,-0.1904,-0.1603,0.2099,0.0627,-0.0635
2026-08-19 19:52:03,LRCX,Nasdaq 100 / S&P 500,307.17,310.00,0.5971,11.00,12.76,0.4769,-0.5231,0.0157,-0.7414,-0.6990,0.1694,0.0264,-0.0330,15.30,16.35,0.4990,-0.5010,0.0110,-0.5357,-0.4933,0.2400,0.0536,-0.0650,17.25,18.98,0.5110,-0.4890,0.0091,-0.4364,-0.3941,0.2938,0.0807,-0.0971
2026-08-19 19:52:03,MA,S&P 500,573.72,570.00,0.2549,10.90,5.11,0.5906,-0.4094,0.0192,-0.6071,-0.5291,0.3088,0.0630,-0.0462,12.62,5.62,0.5791,-0.4209,0.0142,-0.4277,-0.3497,0.4394,0.1223,-0.0959,13.70,13.39,0.5767,-0.4233,0.0120,-0.3471,-0.2693,0.5388,0.1813,-0.1457
2026-08-19 19:52:03,MAR,Nasdaq 100,359.95,360.00,0.2913,6.09,4.62,0.5162,-0.4838,0.0274,-0.4381,-0.3888,0.1987,0.0345,-0.0345,9.92,6.42,0.5238,-0.4762,0.0190,-0.3231,-0.2739,0.2807,0.0690,-0.0688,8.13,13.23,0.5296,-0.4704,0.0161,-0.2585,-0.2093,0.3435,0.1037,-0.1028
2026-08-19 19:52:03,MCD,Dow 30 / S&P 500,267.45,270.00,0.2147,2.47,5.05,0.3928,-0.6072,0.0483,-0.2325,-0.1955,0.1424,0.0197,-0.0320,3.00,7.06,0.4298,-0.5702,0.0380,-0.1602,-0.1232,0.2057,0.0429,-0.0605,3.80,5.16,0.4501,-0.5499,0.0331,-0.1286,-0.0918,0.2539,0.0670,-0.0879
2026-08-19 19:52:03,MCHP,Nasdaq 100,77.08,75.00,0.4607,4.17,1.40,0.6829,-0.3171,0.0724,-0.1319,-0.1217,0.0380,0.0095,-0.0049,3.90,2.00,0.6430,-0.3570,0.0530,-0.0999,-0.0897,0.0563,0.0175,-0.0112,4.50,2.50,0.6269,-0.3731,0.0434,-0.0846,-0.0743,0.0700,0.0251,-0.0179
2026-08-19 19:52:03,MDLZ,Nasdaq 100 / S&P 500,64.16,65.00,0.2627,0.51,0.56,0.3771,-0.6229,0.1627,-0.0666,-0.0577,0.0338,0.0045,-0.0079,0.75,3.07,0.4511,-0.5489,0.0879,-0.0674,-0.0586,0.0498,0.0105,-0.0143,1.05,2.52,0.4464,-0.5536,0.1006,-0.0407,-0.0319,0.0608,0.0157,-0.0215
2026-08-19 19:52:03,MDT,S&P 500,94.13,95.00,0.2476,1.08,6.30,0.4117,-0.5883,0.1206,-0.0949,-0.0819,0.0507,0.0073,-0.0110,2.18,2.33,0.4733,-0.5267,0.0595,-0.1009,-0.0879,0.0734,0.0162,-0.0202,2.52,2.93,0.4862,-0.5138,0.0510,-0.0801,-0.0671,0.0900,0.0247,-0.0298
2026-08-19 19:52:03,MELI,Nasdaq 100,1908.65,1910.00,0.4210,46.12,41.62,0.5134,-0.4866,0.0036,-3.2974,-3.0360,1.0539,0.1794,-0.1866,44.68,57.00,0.5219,-0.4781,0.0026,-2.2757,-2.0146,1.4890,0.3585,-0.3727,65.70,73.40,0.5288,-0.4712,0.0020,-1.9728,-1.7119,1.8216,0.5349,-0.5609
2026-08-19 19:52:03,META,Nasdaq 100 / S&P 500,546.03,550.00,0.3491,5.33,12.28,0.4578,-0.5422,0.0150,-0.7810,-0.7057,0.3000,0.0462,-0.0591,15.30,17.50,0.4855,-0.5145,0.0100,-0.6029,-0.5277,0.4263,0.0961,-0.1144,18.34,20.70,0.4978,-0.5022,0.0083,-0.4915,-0.4163,0.5225,0.1460,-0.1695
2026-08-19 19:52:03,MMM,Dow 30 / S&P 500,180.66,180.00,0.2991,2.46,2.35,0.5526,-0.4474,0.0529,-0.2246,-0.1999,0.0989,0.0185,-0.0160,4.50,3.58,0.5595,-0.4405,0.0500,-0.1245,-0.0999,0.1396,0.0374,-0.0315,4.35,2.90,0.5602,-0.4398,0.0419,-0.1017,-0.0771,0.1709,0.0557,-0.0475
2026-08-19 19:52:03,MNST,Nasdaq 100,47.43,47.00,0.2822,0.38,0.35,0.6091,-0.3909,0.2071,-0.0547,-0.0482,0.0252,0.0053,-0.0037,0.38,0.35,0.5898,-0.4102,0.1483,-0.0401,-0.0336,0.0361,0.0102,-0.0078,1.30,1.20,0.5906,-0.4094,0.1361,-0.0301,-0.0236,0.0442,0.0153,-0.0117
2026-08-19 19:52:03,MO,S&P 500,66.03,65.00,0.2935,1.85,0.58,0.6667,-0.3333,0.1355,-0.0755,-0.0666,0.0332,0.0081,-0.0043,1.55,0.79,0.6341,-0.3659,0.1017,-0.0552,-0.0463,0.0486,0.0152,-0.0096,2.10,0.79,0.6243,-0.3757,0.0878,-0.0444,-0.0355,0.0601,0.0223,-0.0149
2026-08-19 19:52:03,MPWR,Nasdaq 100,1300.14,1300.00,0.5536,28.50,24.52,0.5208,-0.4792,0.0040,-2.9238,-2.7459,0.7173,0.1221,-0.1270,28.50,24.52,0.5291,-0.4709,0.0028,-2.0895,-1.9118,1.0131,0.2418,-0.2559,89.10,81.02,0.5358,-0.4642,0.0023,-1.7538,-1.5762,1.2391,0.3593,-0.3865
2026-08-19 19:52:03,MRK,Dow 30 / S&P 500,152.20,150.00,0.2556,5.07,0.81,0.6758,-0.3242,0.0667,-0.1520,-0.1314,0.0758,0.0191,-0.0097,5.99,1.00,0.5970,-0.4030,0.0317,-0.1804,-0.1599,0.1154,0.0325,-0.0249,6.96,0.38,0.6582,-0.3418,0.0533,-0.0734,-0.0529,0.1340,0.0552,-0.0309
2026-08-19 19:52:03,MRVL,Nasdaq 100,237.27,240.00,0.9784,14.05,16.75,0.4962,-0.5038,0.0124,-0.9306,-0.8977,0.1311,0.0203,-0.0256,16.28,19.35,0.5131,-0.4869,0.0096,-0.6051,-0.5723,0.1853,0.0408,-0.0511,17.80,21.15,0.5227,-0.4773,0.0084,-0.4639,-0.4311,0.2267,0.0610,-0.0767
2026-08-19 19:52:03,MS,S&P 500,214.23,210.00,0.3572,6.60,2.20,0.6727,-0.3273,0.0341,-0.2920,-0.2633,0.1071,0.0263,-0.0139,12.30,3.27,0.6385,-0.3615,0.0256,-0.2132,-0.1845,0.1572,0.0493,-0.0311,10.65,4.00,0.6268,-0.3732,0.0219,-0.1728,-0.1441,0.1946,0.0718,-0.0487
2026-08-19 19:52:03,MSFT,Dow 30 / Nasdaq 100 / S&P 500,484.31,480.00,0.2326,8.24,5.40,0.6268,-0.3732,0.0243,-0.4622,-0.3965,0.2539,0.0565,-0.0354,12.62,8.65,0.5926,-0.4074,0.0154,-0.3880,-0.3223,0.3682,0.1051,-0.0786,14.30,10.65,0.5859,-0.4141,0.0126,-0.3238,-0.2582,0.4527,0.1544,-0.1209
2026-08-19 19:52:03,MSTR,Nasdaq 100,104.25,105.00,0.7336,4.80,5.35,0.4959,-0.5041,0.0377,-0.3083,-0.2940,0.0576,0.0092,-0.0110,6.45,6.94,0.5142,-0.4858,0.0266,-0.2203,-0.2060,0.0814,0.0184,-0.0218,7.40,7.80,0.5249,-0.4751,0.0219,-0.1789,-0.1645,0.0996,0.0274,-0.0328
2026-08-19 19:52:03,MU,Nasdaq 100 / S&P 500,937.10,940.00,0.5671,30.24,37.00,0.5049,-0.4951,0.0054,-2.1579,-2.0292,0.5177,0.0853,-0.0948,49.40,52.50,0.5212,-0.4788,0.0034,-1.7263,-1.5978,0.7311,0.1696,-0.1902,57.18,60.30,0.5296,-0.4704,0.0028,-1.4030,-1.2746,0.8943,0.2531,-0.2862
2026-08-19 19:52:03,NEE,S&P 500,85.91,85.00,0.2222,2.42,0.92,0.6527,-0.3473,0.1397,-0.0772,-0.0656,0.0439,0.0104,-0.0058,2.14,1.25,0.6259,-0.3741,0.1053,-0.0558,-0.0442,0.0638,0.0198,-0.0127,2.18,1.51,0.6197,-0.3803,0.0920,-0.0445,-0.0329,0.0785,0.0293,-0.0194
2026-08-19 19:52:03,NFLX,Nasdaq 100 / S&P 500,80.22,80.00,0.3267,1.82,1.50,0.5416,-0.4584,0.1093,-0.1086,-0.0976,0.0441,0.0080,-0.0073,2.38,2.04,0.5415,-0.4585,0.0758,-0.0798,-0.0689,0.0623,0.0158,-0.0148,2.77,2.37,0.5440,-0.4560,0.0621,-0.0659,-0.0549,0.0763,0.0235,-0.0224
2026-08-19 19:52:03,NKE,Dow 30 / S&P 500,41.05,41.00,0.3232,0.87,0.86,0.5283,-0.4717,0.2166,-0.0551,-0.0495,0.0226,0.0040,-0.0038,1.03,1.25,0.5329,-0.4671,0.1639,-0.0373,-0.0317,0.0320,0.0080,-0.0077,1.18,1.41,0.5372,-0.4628,0.1382,-0.0300,-0.0244,0.0391,0.0120,-0.0115
2026-08-19 19:52:03,NOW,S&P 500,127.20,125.00,0.5454,5.81,3.35,0.6108,-0.3892,0.0399,-0.2731,-0.2560,0.0675,0.0139,-0.0100,7.43,4.20,0.5924,-0.4076,0.0284,-0.1991,-0.1820,0.0967,0.0263,-0.0215,8.49,5.00,0.5883,-0.4117,0.0240,-0.1593,-0.1422,0.1187,0.0386,-0.0331
2026-08-19 19:52:03,NVDA,Nasdaq 100 / S&P 500,217.56,220.00,0.2910,2.13,4.41,0.4080,-0.5920,0.0443,-0.2550,-0.2249,0.1170,0.0165,-0.0256,7.15,9.15,0.4757,-0.5243,0.0208,-0.2856,-0.2555,0.1697,0.0371,-0.0471,7.90,10.00,0.4866,-0.5134,0.0184,-0.2187,-0.1886,0.2081,0.0564,-0.0698
2026-08-19 19:52:03,NXPI,Nasdaq 100,226.02,230.00,0.4426,2.10,5.30,0.4058,-0.5942,0.0280,-0.3958,-0.3643,0.1214,0.0168,-0.0272,2.10,5.30,0.4460,-0.5540,0.0202,-0.2896,-0.2581,0.1750,0.0363,-0.0518,9.60,12.80,0.4693,-0.5307,0.0159,-0.2496,-0.2182,0.2156,0.0562,-0.0758
2026-08-19 19:52:03,ODFL,Nasdaq 100,205.08,210.00,0.4063,1.70,5.50,0.3534,-0.6466,0.0322,-0.3159,-0.2871,0.1056,0.0134,-0.0268,1.70,5.50,0.4075,-0.5925,0.0238,-0.2370,-0.2083,0.1559,0.0303,-0.0501,8.50,10.21,0.4209,-0.5791,0.0222,-0.1752,-0.1465,0.1924,0.0467,-0.0738
2026-08-19 19:52:03,ORCL,S&P 500,143.81,145.00,0.5532,4.70,5.69,0.4774,-0.5226,0.0362,-0.3223,-0.3025,0.0793,0.0124,-0.0154,6.04,7.22,0.4993,-0.5007,0.0250,-0.2360,-0.2162,0.1124,0.0253,-0.0302,10.22,11.20,0.5234,-0.4766,0.0156,-0.2514,-0.2316,0.1374,0.0377,-0.0455
2026-08-19 19:52:03,ORLY,Nasdaq 100,91.20,90.00,0.6397,1.40,0.45,0.5811,-0.4189,0.0484,-0.2322,-0.2198,0.0493,0.0094,-0.0078,1.40,0.45,0.5729,-0.4271,0.0343,-0.1665,-0.1542,0.0701,0.0180,-0.0164,3.90,1.80,0.5996,-0.4004,0.0565,-0.0700,-0.0577,0.0845,0.0295,-0.0222
2026-08-19 19:52:03,PANW,Nasdaq 100,359.76,360.00,0.5175,12.80,11.58,0.5159,-0.4841,0.0155,-0.7581,-0.7088,0.1986,0.0336,-0.0354,21.28,21.60,0.5317,-0.4683,0.0078,-0.7466,-0.6973,0.2802,0.0655,-0.0723,23.79,24.62,0.5367,-0.4633,0.0071,-0.5542,-0.5051,0.3428,0.0980,-0.1085
2026-08-19 19:52:03,PAYX,Nasdaq 100,122.50,120.00,0.4316,2.98,0.35,0.6521,-0.3479,0.0505,-0.2037,-0.1872,0.0627,0.0145,-0.0085,2.98,0.35,0.6213,-0.3787,0.0367,-0.1503,-0.1339,0.0913,0.0270,-0.0189,5.67,2.54,0.6341,-0.3659,0.0397,-0.0947,-0.0783,0.1105,0.0416,-0.0272
2026-08-19 19:52:03,PCAR,Nasdaq 100,127.47,125.00,0.5884,3.68,0.25,0.6151,-0.3849,0.0368,-0.2936,-0.2764,0.0675,0.0140,-0.0100,3.68,0.25,0.5964,-0.4036,0.0264,-0.2126,-0.1955,0.0967,0.0264,-0.0215,5.60,1.81,0.6514,-0.3486,0.0462,-0.0812,-0.0641,0.1131,0.0450,-0.0267
2026-08-19 19:52:03,PDD,Nasdaq 100,90.20,90.00,0.5925,3.65,3.60,0.5318,-0.4682,0.0537,-0.2164,-0.2041,0.0497,0.0086,-0.0086,4.00,3.85,0.5365,-0.4635,0.0425,-0.1386,-0.1263,0.0702,0.0171,-0.0174,3.90,4.05,0.5413,-0.4587,0.0345,-0.1148,-0.1025,0.0859,0.0253,-0.0263
2026-08-19 19:52:03,PEP,Nasdaq 100 / S&P 500,142.58,145.00,0.2341,1.00,2.85,0.3180,-0.6820,0.0772,-0.1239,-0.1040,0.0704,0.0085,-0.0193,1.47,5.56,0.3818,-0.6182,0.0581,-0.0966,-0.0768,0.1065,0.0202,-0.0353,1.86,5.96,0.3939,-0.6061,0.0566,-0.0697,-0.0499,0.1316,0.0313,-0.0519
2026-08-19 19:52:03,PFE,S&P 500,28.24,28.00,0.2588,0.59,0.29,0.6113,-0.3887,0.3787,-0.0300,-0.0262,0.0150,0.0032,-0.0022,0.72,0.39,0.5932,-0.4068,0.2774,-0.0216,-0.0178,0.0215,0.0062,-0.0046,0.82,0.60,0.5868,-0.4132,0.2286,-0.0179,-0.0141,0.0264,0.0090,-0.0070
2026-08-19 19:52:03,PG,Dow 30 / S&P 500,144.38,145.00,0.2014,1.50,1.82,0.4581,-0.5419,0.0985,-0.1230,-0.1032,0.0793,0.0124,-0.0154,2.30,2.34,0.4870,-0.5130,0.0634,-0.0988,-0.0790,0.1127,0.0261,-0.0294,2.36,3.68,0.4992,-0.5008,0.0541,-0.0795,-0.0597,0.1382,0.0398,-0.0434
2026-08-19 19:52:03,PLTR,Nasdaq 100 / S&P 500,175.19,175.00,0.4631,5.35,5.00,0.5255,-0.4745,0.0354,-0.3315,-0.3076,0.0966,0.0168,-0.0168,7.07,6.40,0.5313,-0.4687,0.0248,-0.2400,-0.2161,0.1365,0.0331,-0.0338,8.25,7.50,0.5363,-0.4637,0.0205,-0.1950,-0.1711,0.1669,0.0494,-0.0510
2026-08-19 19:52:03,PM,S&P 500,189.93,190.00,0.3217,3.15,3.30,0.5142,-0.4858,0.0471,-0.2538,-0.2278,0.1049,0.0181,-0.0183,3.66,6.20,0.5222,-0.4778,0.0362,-0.1694,-0.1434,0.1482,0.0363,-0.0364,4.20,6.70,0.5283,-0.4717,0.0307,-0.1360,-0.1100,0.1813,0.0546,-0.0544
2026-08-19 19:52:03,PYPL,Nasdaq 100,61.25,60.00,0.3594,1.89,0.57,0.6767,-0.3233,0.1178,-0.0836,-0.0754,0.0305,0.0076,-0.0039,2.30,0.95,0.6411,-0.3589,0.0885,-0.0614,-0.0532,0.0448,0.0141,-0.0088,2.53,1.16,0.6359,-0.3641,0.0808,-0.0465,-0.0383,0.0552,0.0209,-0.0135
2026-08-19 19:52:03,QCOM,Nasdaq 100 / S&P 500,161.91,160.00,0.4597,5.65,3.21,0.5922,-0.4078,0.0377,-0.2983,-0.2764,0.0870,0.0174,-0.0133,7.00,5.02,0.5790,-0.4210,0.0271,-0.2133,-0.1914,0.1240,0.0333,-0.0279,7.81,6.29,0.5765,-0.4235,0.0230,-0.1702,-0.1483,0.1521,0.0491,-0.0427
2026-08-19 19:52:03,REGN,Nasdaq 100,840.84,840.00,0.3623,19.15,6.76,0.5256,-0.4744,0.0094,-1.2579,-1.1429,0.4636,0.0814,-0.0796,27.82,105.09,0.5305,-0.4695,0.0067,-0.9009,-0.7860,0.6550,0.1616,-0.1600,28.70,9.15,0.5352,-0.4648,0.0057,-0.7143,-0.5996,0.8015,0.2420,-0.2399
2026-08-19 19:52:03,ROP,Nasdaq 100,407.32,410.00,0.7163,4.10,89.81,0.4973,-0.5027,0.0099,-1.1770,-1.1209,0.2250,0.0360,-0.0426,4.10,89.81,0.5148,-0.4852,0.0070,-0.8393,-0.7833,0.3180,0.0720,-0.0849,10.27,21.80,0.5012,-0.4988,0.0110,-0.3701,-0.3141,0.3898,0.1096,-0.1257
2026-08-19 19:52:03,ROST,Nasdaq 100,234.69,230.00,0.5475,12.95,5.97,0.6243,-0.3757,0.0213,-0.5010,-0.4695,0.1233,0.0262,-0.0178,8.70,2.75,0.6021,-0.3979,0.0152,-0.3667,-0.3352,0.1773,0.0493,-0.0387,10.69,6.44,0.6032,-0.3968,0.0146,-0.2594,-0.2280,0.2170,0.0738,-0.0581
2026-08-19 19:52:03,RTX,S&P 500,220.35,220.00,0.3146,3.71,2.17,0.5320,-0.4680,0.0414,-0.2882,-0.2581,0.1213,0.0217,-0.0205,5.50,2.17,0.5366,-0.4634,0.0334,-0.1842,-0.1541,0.1714,0.0434,-0.0408,5.65,4.45,0.5405,-0.4595,0.0281,-0.1491,-0.1190,0.2098,0.0650,-0.0612
2026-08-19 19:52:03,SBUX,Nasdaq 100 / S&P 500,104.98,105.00,0.4919,1.64,1.64,0.5181,-0.4819,0.0557,-0.2106,-0.1963,0.0579,0.0099,-0.0102,2.65,2.17,0.5236,-0.4764,0.0572,-0.1062,-0.0918,0.0819,0.0200,-0.0202,2.78,1.64,0.5292,-0.4708,0.0497,-0.0829,-0.0686,0.1002,0.0301,-0.0302
2026-08-19 19:52:03,SCHW,S&P 500,110.88,110.00,0.2224,2.00,1.17,0.6199,-0.3801,0.1115,-0.1020,-0.0870,0.0585,0.0128,-0.0083,2.52,1.62,0.5947,-0.4053,0.0767,-0.0786,-0.0636,0.0842,0.0243,-0.0178,3.15,1.75,0.5890,-0.4110,0.0639,-0.0649,-0.0499,0.1035,0.0358,-0.0273
2026-08-19 19:52:03,SHOP,Nasdaq 100,146.58,145.00,0.4377,4.20,3.11,0.5890,-0.4110,0.0438,-0.2581,-0.2383,0.0790,0.0157,-0.0121,6.20,4.45,0.5706,-0.4294,0.0269,-0.2152,-0.1954,0.1127,0.0295,-0.0260,8.12,4.15,0.5690,-0.4310,0.0221,-0.1766,-0.1568,0.1382,0.0433,-0.0399
2026-08-19 19:52:03,SNDK,Nasdaq 100,1568.87,1570.00,0.8393,88.00,90.82,0.5240,-0.4760,0.0022,-5.2894,-5.0746,0.8652,0.1437,-0.1571,126.42,111.80,0.5364,-0.4636,0.0015,-3.8491,-3.6344,1.2207,0.2821,-0.3190,135.00,131.97,0.5441,-0.4559,0.0013,-3.0584,-2.8439,1.4921,0.4184,-0.4823
2026-08-19 19:52:03,SNPS,Nasdaq 100,401.24,400.00,0.6892,20.53,16.00,0.5359,-0.4641,0.0104,-1.1141,-1.0594,0.2208,0.0382,-0.0385,35.60,17.00,0.5403,-0.4597,0.0085,-0.6870,-0.6324,0.3119,0.0757,-0.0775,33.40,18.34,0.5442,-0.4558,0.0075,-0.5233,-0.4686,0.3816,0.1129,-0.1166
2026-08-19 19:52:03,SO,S&P 500,92.19,90.00,0.2703,3.39,0.37,0.7539,-0.2461,0.0913,-0.0868,-0.0745,0.0402,0.0128,-0.0045,2.63,0.50,0.7151,-0.2849,0.0772,-0.0619,-0.0496,0.0613,0.0241,-0.0104,3.31,0.80,0.6971,-0.3029,0.0687,-0.0506,-0.0383,0.0772,0.0350,-0.0166
2026-08-19 19:52:03,SPG,S&P 500,223.18,220.00,0.3530,3.50,0.50,0.6322,-0.3678,0.0345,-0.3122,-0.2821,0.1165,0.0259,-0.0163,3.50,0.50,0.6064,-0.3936,0.0249,-0.2294,-0.1993,0.1681,0.0488,-0.0354,6.79,4.90,0.6421,-0.3579,0.0329,-0.1196,-0.0896,0.1999,0.0786,-0.0476
2026-08-19 19:52:03,STX,Nasdaq 100,832.56,830.00,0.7886,41.00,38.20,0.5365,-0.4635,0.0044,-2.6360,-2.5224,0.4580,0.0784,-0.0806,120.66,49.96,0.5430,-0.4570,0.0032,-1.8127,-1.6992,0.6467,0.1537,-0.1641,61.50,57.63,0.5483,-0.4517,0.0027,-1.4260,-1.3126,0.7908,0.2280,-0.2482
2026-08-19 19:52:03,T,S&P 500,25.12,25.00,0.2764,0.44,0.26,0.5672,-0.4328,0.4090,-0.0289,-0.0255,0.0137,0.0026,-0.0021,0.59,0.38,0.5599,-0.4401,0.2891,-0.0211,-0.0176,0.0194,0.0052,-0.0044,0.73,0.47,0.5601,-0.4399,0.2437,-0.0170,-0.0136,0.0238,0.0077,-0.0067
2026-08-19 19:52:03,TMO,S&P 500,613.54,610.00,0.3555,16.90,4.95,0.5642,-0.4358,0.0130,-0.8951,-0.8116,0.3346,0.0637,-0.0532,13.50,40.60,0.5589,-0.4411,0.0096,-0.6256,-0.5422,0.4741,0.1243,-0.1092,19.36,7.17,0.5599,-0.4401,0.0083,-0.4898,-0.4065,0.5805,0.1852,-0.1648
2026-08-19 19:52:03,TMUS,Nasdaq 100 / S&P 500,182.36,180.00,0.4207,7.20,2.80,0.6061,-0.3939,0.0362,-0.3063,-0.2817,0.0972,0.0201,-0.0144,7.20,5.10,0.6012,-0.3988,0.0316,-0.1826,-0.1580,0.1379,0.0396,-0.0293,6.90,6.26,0.5991,-0.4009,0.0285,-0.1388,-0.1142,0.1691,0.0589,-0.0444
2026-08-19 19:52:03,TRI,Nasdaq 100,104.95,105.00,0.5005,2.59,2.56,0.5166,-0.4834,0.0548,-0.2141,-0.1998,0.0579,0.0098,-0.0103,2.59,2.56,0.5254,-0.4746,0.0387,-0.1533,-0.1389,0.0818,0.0195,-0.0206,6.57,6.85,0.5342,-0.4658,0.0278,-0.1422,-0.1279,0.1001,0.0289,-0.0313
2026-08-19 19:52:03,TRV,Dow 30,362.22,360.00,0.3447,5.00,0.85,0.5686,-0.4314,0.0227,-0.5126,-0.4633,0.1972,0.0379,-0.0311,5.00,0.85,0.5609,-0.4391,0.0161,-0.3707,-0.3214,0.2797,0.0736,-0.0642,11.57,6.75,0.5727,-0.4273,0.0185,-0.2252,-0.1760,0.3408,0.1135,-0.0930
2026-08-19 19:52:03,TSLA,Nasdaq 100 / S&P 500,351.12,350.00,0.4047,8.85,7.17,0.5407,-0.4593,0.0202,-0.5826,-0.5347,0.1930,0.0348,-0.0323,13.50,11.47,0.5409,-0.4591,0.0134,-0.4436,-0.3957,0.2729,0.0680,-0.0660,15.65,13.27,0.5440,-0.4560,0.0111,-0.3609,-0.3131,0.3339,0.1011,-0.0997
2026-08-19 19:52:03,TTWO,Nasdaq 100,237.04,240.00,0.5140,5.95,8.20,0.4502,-0.5498,0.0235,-0.4910,-0.4581,0.1299,0.0194,-0.0266,7.40,9.10,0.4706,-0.5294,0.0189,-0.3133,-0.2805,0.1847,0.0400,-0.0519,9.20,8.30,0.4833,-0.5167,0.0164,-0.2449,-0.2121,0.2266,0.0609,-0.0767
2026-08-19 19:52:03,TXN,Nasdaq 100 / S&P 500,267.45,270.00,0.4287,6.90,5.94,0.4546,-0.5454,0.0250,-0.4655,-0.4285,0.1468,0.0223,-0.0294,8.20,10.04,0.4816,-0.5184,0.0175,-0.3412,-0.3043,0.2087,0.0463,-0.0571,8.80,9.66,0.4932,-0.5068,0.0150,-0.2690,-0.2321,0.2559,0.0703,-0.0846
2026-08-19 19:52:03,UBER,S&P 500,78.04,80.00,0.3457,0.95,2.37,0.3177,-0.6823,0.0954,-0.0984,-0.0875,0.0385,0.0046,-0.0107,1.46,3.33,0.3842,-0.6158,0.0704,-0.0779,-0.0670,0.0584,0.0110,-0.0197,1.80,3.50,0.4134,-0.5866,0.0594,-0.0650,-0.0541,0.0729,0.0175,-0.0284
2026-08-19 19:52:03,UNH,Dow 30 / S&P 500,388.61,390.00,0.2752,6.05,7.40,0.4803,-0.5197,0.0269,-0.4463,-0.3929,0.2144,0.0348,-0.0400,8.14,9.50,0.4984,-0.5016,0.0191,-0.3224,-0.2691,0.3036,0.0712,-0.0781,9.50,10.40,0.5090,-0.4910,0.0155,-0.2698,-0.2165,0.3718,0.1080,-0.1158
2026-08-19 19:52:03,UNP,S&P 500,301.80,300.00,0.2846,7.80,4.38,0.5776,-0.4224,0.0329,-0.3555,-0.3145,0.1636,0.0323,-0.0252,6.20,3.10,0.5795,-0.4205,0.0293,-0.2096,-0.1686,0.2311,0.0646,-0.0503,10.70,3.60,0.5726,-0.4274,0.0227,-0.1843,-0.1433,0.2840,0.0947,-0.0774
2026-08-19 19:52:03,UPS,S&P 500,102.86,105.00,0.2241,0.65,2.79,0.2686,-0.7314,0.1033,-0.0789,-0.0646,0.0470,0.0052,-0.0149,1.11,3.77,0.3507,-0.6493,0.0784,-0.0674,-0.0530,0.0747,0.0134,-0.0268,1.80,3.21,0.3962,-0.6038,0.0621,-0.0623,-0.0480,0.0951,0.0225,-0.0378
2026-08-19 19:52:03,USB,S&P 500,62.82,65.00,0.2207,0.53,1.22,0.1424,-0.8576,0.1173,-0.0321,-0.0232,0.0196,0.0017,-0.0108,0.38,0.94,0.2439,-0.7561,0.1111,-0.0337,-0.0248,0.0386,0.0057,-0.0192,1.69,2.29,0.2904,-0.7096,0.1011,-0.0300,-0.0212,0.0516,0.0102,-0.0271
2026-08-19 19:52:03,V,Dow 30 / S&P 500,365.54,370.00,0.2066,3.00,5.05,0.3534,-0.6466,0.0355,-0.2951,-0.2444,0.1882,0.0243,-0.0466,5.93,6.33,0.4145,-0.5855,0.0248,-0.2390,-0.1884,0.2790,0.0564,-0.0853,8.20,7.16,0.4404,-0.5596,0.0205,-0.2016,-0.1510,0.3459,0.0891,-0.1232
2026-08-19 19:52:03,VRSK,Nasdaq 100,186.45,185.00,0.5855,0.38,1.79,0.5591,-0.4409,0.0261,-0.4394,-0.4141,0.1019,0.0187,-0.0168,0.38,1.79,0.5565,-0.4435,0.0185,-0.3145,-0.2892,0.1442,0.0362,-0.0346,7.74,7.10,0.5638,-0.4362,0.0225,-0.1776,-0.1523,0.1761,0.0559,-0.0502
2026-08-19 19:52:03,VRTX,Nasdaq 100,552.06,550.00,0.3833,10.00,12.65,0.5458,-0.4542,0.0135,-0.8690,-0.7938,0.3030,0.0553,-0.0501,14.75,19.30,0.5453,-0.4547,0.0098,-0.6116,-0.5364,0.4285,0.1087,-0.1019,14.95,51.91,0.5487,-0.4513,0.0089,-0.4586,-0.3835,0.5243,0.1630,-0.1525
2026-08-19 19:52:03,VZ,Dow 30 / S&P 500,49.36,49.00,0.2422,0.82,0.60,0.6040,-0.3960,0.2327,-0.0495,-0.0428,0.0263,0.0055,-0.0038,1.07,0.84,0.5837,-0.4163,0.1596,-0.0378,-0.0312,0.0377,0.0106,-0.0082,1.30,1.47,0.5747,-0.4253,0.1213,-0.0338,-0.0271,0.0464,0.0154,-0.0127
2026-08-19 19:52:03,WBD,Nasdaq 100,28.53,29.00,0.2344,0.23,0.61,0.3236,-0.6764,0.3880,-0.0250,-0.0210,0.0142,0.0017,-0.0038,0.35,1.34,0.4571,-0.5429,0.1489,-0.0394,-0.0354,0.0222,0.0047,-0.0064,0.47,0.79,0.4868,-0.5132,0.1041,-0.0381,-0.0341,0.0273,0.0072,-0.0094
2026-08-19 19:52:03,WDAY,Nasdaq 100,198.42,200.00,0.6401,8.40,9.20,0.4863,-0.5137,0.0227,-0.5133,-0.4859,0.1096,0.0173,-0.0210,7.34,10.46,0.5032,-0.4968,0.0170,-0.3459,-0.3185,0.1550,0.0349,-0.0416,8.40,11.31,0.5106,-0.4894,0.0154,-0.2582,-0.2309,0.1898,0.0526,-0.0621
2026-08-19 19:52:03,WDC,Nasdaq 100,462.09,460.00,0.7301,23.05,20.50,0.5418,-0.4582,0.0085,-1.3556,-1.2927,0.2539,0.0442,-0.0439,30.50,26.95,0.5465,-0.4535,0.0059,-0.9760,-0.9131,0.3586,0.0861,-0.0900,34.60,31.92,0.5515,-0.4485,0.0049,-0.7861,-0.7233,0.4385,0.1273,-0.1366
2026-08-19 19:52:03,WFC,S&P 500,85.94,85.00,0.2573,1.78,0.86,0.6381,-0.3619,0.1224,-0.0893,-0.0776,0.0446,0.0102,-0.0061,2.37,1.15,0.6094,-0.3906,0.0872,-0.0672,-0.0556,0.0646,0.0192,-0.0134,2.60,1.38,0.6006,-0.3994,0.0725,-0.0557,-0.0440,0.0796,0.0281,-0.0207
2026-08-19 19:52:03,WMT,Dow 30 / Nasdaq 100 / S&P 500,114.30,115.00,0.4251,2.81,3.58,0.4769,-0.5231,0.0592,-0.1985,-0.1828,0.0630,0.0100,-0.0120,3.10,3.72,0.4897,-0.5103,0.0504,-0.1200,-0.1043,0.0893,0.0203,-0.0237,3.35,4.04,0.4989,-0.5011,0.0450,-0.0915,-0.0758,0.1094,0.0309,-0.0351
2026-08-19 19:52:03,XEL,Nasdaq 100,79.41,80.00,0.5820,0.17,0.72,0.4842,-0.5158,0.0623,-0.1872,-0.1763,0.0438,0.0069,-0.0084,0.17,0.72,0.5035,-0.4965,0.0441,-0.1340,-0.1230,0.0620,0.0140,-0.0166,1.55,2.18,0.4738,-0.5262,0.1004,-0.0426,-0.0316,0.0758,0.0208,-0.0251
2026-08-19 19:52:03,XOM,S&P 500,164.77,165.00,0.2832,2.70,2.75,0.5034,-0.4966,0.0617,-0.1952,-0.1726,0.0910,0.0154,-0.0162,3.80,3.66,0.5156,-0.4844,0.0397,-0.1539,-0.1314,0.1286,0.0310,-0.0321,4.70,3.80,0.5223,-0.4777,0.0353,-0.1181,-0.0956,0.1574,0.0469,-0.0478
2026-08-19 19:52:03,ZS,Nasdaq 100,184.60,185.00,0.5183,6.90,5.66,0.5076,-0.4924,0.0301,-0.3896,-0.3643,0.1020,0.0170,-0.0185,14.13,13.92,0.5341,-0.4659,0.0124,-0.4680,-0.4427,0.1437,0.0329,-0.0379,14.30,14.38,0.5388,-0.4612,0.0115,-0.3389,-0.3136,0.1758,0.0493,-0.0569
2026-08-20 11:18:45,AAPL,Dow 30 / Nasdaq 100 / S&P 500,316.26,320.00,0.2562,2.86,6.00,0.3872,-0.6128,0.0341,-0.3233,-0.2795,0.1677,0.0229,-0.0384,5.50,7.75,0.4368,-0.5632,0.0235,-0.2541,-0.2103,0.2440,0.0510,-0.0715,6.73,9.25,0.4603,-0.5397,0.0188,-0.2186,-0.1749,0.3011,0.0797,-0.1039
2026-08-20 11:18:45,ABBV,S&P 500,264.61,260.00,0.3003,6.78,2.83,0.6797,-0.3203,0.0325,-0.3048,-0.2693,0.1311,0.0331,-0.0167,8.27,4.00,0.6439,-0.3561,0.0246,-0.2241,-0.1886,0.1931,0.0619,-0.0376,10.10,2.54,0.6395,-0.3605,0.0225,-0.1701,-0.1346,0.2376,0.0918,-0.0573
2026-08-20 11:18:45,ABNB,Nasdaq 100,185.54,185.00,0.3229,3.79,2.90,0.5436,-0.4564,0.0478,-0.2483,-0.2230,0.1019,0.0186,-0.0168,5.08,4.00,0.5434,-0.4566,0.0341,-0.1777,-0.1524,0.1441,0.0367,-0.0341,5.87,5.10,0.5444,-0.4556,0.0256,-0.1590,-0.1337,0.1765,0.0543,-0.0519
2026-08-20 11:18:45,ABT,S&P 500,115.20,115.00,0.2217,1.60,2.20,0.5411,-0.4589,0.1122,-0.1086,-0.0928,0.0633,0.0117,-0.0104,2.10,6.90,0.5399,-0.4601,0.0720,-0.0864,-0.0706,0.0896,0.0229,-0.0211,2.50,7.56,0.5419,-0.4581,0.0552,-0.0761,-0.0603,0.1096,0.0341,-0.0319
2026-08-20 11:18:45,ACN,S&P 500,186.77,185.00,0.4436,5.20,5.50,0.5799,-0.4201,0.0341,-0.3345,-0.3091,0.1011,0.0197,-0.0157,7.00,6.12,0.5713,-0.4287,0.0253,-0.2309,-0.2056,0.1436,0.0381,-0.0327,7.61,7.93,0.5703,-0.4297,0.0218,-0.1818,-0.1565,0.1759,0.0565,-0.0497
2026-08-20 11:18:45,ADBE,Nasdaq 100 / S&P 500,273.04,270.00,0.4343,8.06,7.01,0.5917,-0.4083,0.0236,-0.4766,-0.4396,0.1468,0.0294,-0.0223,10.34,9.88,0.5776,-0.4224,0.0167,-0.3469,-0.3100,0.2093,0.0562,-0.0472,17.26,13.81,0.5692,-0.4308,0.0114,-0.3430,-0.3061,0.2573,0.0804,-0.0745
2026-08-20 11:18:45,ADI,Nasdaq 100,378.73,380.00,0.4976,9.80,11.46,0.5000,-0.5000,0.0153,-0.7682,-0.7162,0.2092,0.0344,-0.0384,11.61,15.25,0.5103,-0.4897,0.0124,-0.4825,-0.4305,0.2958,0.0693,-0.0762,11.90,15.80,0.5182,-0.4818,0.0105,-0.3863,-0.3344,0.3620,0.1042,-0.1138
2026-08-20 11:18:45,ADP,Nasdaq 100,280.13,280.00,0.2892,4.40,6.32,0.5222,-0.4778,0.0355,-0.3386,-0.3003,0.1545,0.0272,-0.0265,4.05,4.26,0.5280,-0.4720,0.0247,-0.2485,-0.2102,0.2183,0.0541,-0.0531,6.86,4.50,0.5331,-0.4669,0.0208,-0.2002,-0.1619,0.2671,0.0813,-0.0794
2026-08-20 11:18:45,ADSK,Nasdaq 100,253.49,250.00,0.6729,11.70,10.30,0.5815,-0.4185,0.0165,-0.6776,-0.6434,0.1371,0.0261,-0.0218,16.10,8.85,0.5758,-0.4242,0.0128,-0.4452,-0.4110,0.1945,0.0506,-0.0452,15.05,11.70,0.5762,-0.4238,0.0116,-0.3336,-0.2995,0.2381,0.0751,-0.0684
2026-08-20 11:18:45,AEP,Nasdaq 100,127.50,130.00,0.1777,0.03,2.90,0.2304,-0.7696,0.0968,-0.0721,-0.0543,0.0537,0.0056,-0.0194,0.03,2.90,0.3137,-0.6863,0.0799,-0.0616,-0.0438,0.0886,0.0150,-0.0348,1.60,5.00,0.3664,-0.6336,0.0650,-0.0581,-0.0403,0.1151,0.0261,-0.0485
2026-08-20 11:18:45,ALNY,Nasdaq 100,234.42,230.00,0.5064,12.77,0.84,0.6256,-0.3744,0.0231,-0.4639,-0.4324,0.1230,0.0264,-0.0177,12.77,0.84,0.6029,-0.3971,0.0166,-0.3379,-0.3064,0.1770,0.0497,-0.0384,15.00,6.50,0.5944,-0.4056,0.0134,-0.2850,-0.2536,0.2180,0.0720,-0.0599
2026-08-20 11:18:45,AMAT,Nasdaq 100 / S&P 500,494.14,490.00,0.5838,21.31,14.00,0.5621,-0.4379,0.0099,-1.1601,-1.0931,0.2697,0.0498,-0.0441,24.98,18.97,0.5582,-0.4418,0.0067,-0.8641,-0.7971,0.3820,0.0958,-0.0918,30.70,22.78,0.5598,-0.4402,0.0056,-0.6960,-0.6290,0.4675,0.1414,-0.1397
2026-08-20 11:18:45,AMD,Nasdaq 100 / S&P 500,465.27,470.00,0.5317,12.15,14.10,0.4652,-0.5348,0.0116,-1.0007,-0.9363,0.2561,0.0393,-0.0508,19.00,22.00,0.4933,-0.5067,0.0076,-0.7722,-0.7079,0.3635,0.0807,-0.0992,23.20,26.20,0.5058,-0.4942,0.0063,-0.6280,-0.5638,0.4452,0.1218,-0.1478
2026-08-20 11:18:45,AMGN,Dow 30 / Nasdaq 100 / S&P 500,435.42,440.00,0.3242,5.50,9.10,0.4249,-0.5751,0.0200,-0.5717,-0.5115,0.2363,0.0343,-0.0500,7.22,13.75,0.4494,-0.5506,0.0164,-0.3658,-0.3056,0.3375,0.0720,-0.0964,12.35,8.31,0.4689,-0.5311,0.0135,-0.3062,-0.2461,0.4154,0.1116,-0.1409
2026-08-20 11:18:45,AMT,S&P 500,176.72,175.00,0.3774,2.30,0.80,0.5916,-0.4084,0.0420,-0.2699,-0.2460,0.0950,0.0192,-0.0144,2.30,0.80,0.5774,-0.4226,0.0300,-0.1957,-0.1718,0.1355,0.0367,-0.0303,6.50,4.40,0.5865,-0.4135,0.0321,-0.1260,-0.1021,0.1651,0.0562,-0.0442
2026-08-20 11:18:45,AMZN,Dow 30 / Nasdaq 100 / S&P 500,260.44,260.00,0.3097,4.65,3.07,0.5332,-0.4668,0.0356,-0.3356,-0.3000,0.1434,0.0257,-0.0241,7.07,5.32,0.5356,-0.4644,0.0247,-0.2463,-0.2108,0.2027,0.0509,-0.0487,8.35,6.07,0.5390,-0.4610,0.0200,-0.2062,-0.1707,0.2480,0.0759,-0.0733
2026-08-20 11:18:45,APP,Nasdaq 100,311.54,310.00,0.6460,11.40,9.22,0.5441,-0.4559,0.0142,-0.8109,-0.7685,0.1711,0.0302,-0.0292,16.50,11.15,0.5467,-0.4533,0.0109,-0.5345,-0.4921,0.2417,0.0594,-0.0593,21.49,15.30,0.5501,-0.4499,0.0091,-0.4291,-0.3868,0.2958,0.0880,-0.0899
2026-08-20 11:18:45,ARM,Nasdaq 100,246.09,250.00,0.6852,9.37,11.68,0.4567,-0.5433,0.0170,-0.6758,-0.6416,0.1352,0.0201,-0.0278,12.60,15.35,0.4864,-0.5136,0.0119,-0.4911,-0.4569,0.1922,0.0414,-0.0543,15.31,18.20,0.4991,-0.5009,0.0102,-0.3850,-0.3508,0.2355,0.0626,-0.0809
2026-08-20 11:18:45,ASML,Nasdaq 100,1764.03,1760.00,0.4858,48.10,44.30,0.5326,-0.4674,0.0034,-3.4926,-3.2518,0.9713,0.1706,-0.1666,58.89,61.23,0.5365,-0.4635,0.0024,-2.4532,-2.2126,1.3725,0.3365,-0.3373,77.01,58.90,0.5409,-0.4591,0.0019,-2.0690,-1.8286,1.6792,0.4991,-0.5106
2026-08-20 11:18:45,AVGO,Nasdaq 100 / S&P 500,364.41,360.00,0.5059,22.80,4.35,0.5880,-0.4120,0.0152,-0.7373,-0.6880,0.1964,0.0387,-0.0303,20.74,14.02,0.5707,-0.4293,0.0091,-0.6320,-0.5828,0.2802,0.0722,-0.0656,22.31,15.45,0.5717,-0.4283,0.0083,-0.4700,-0.4208,0.3431,0.1074,-0.0991
2026-08-20 11:18:45,AXON,Nasdaq 100,635.02,640.00,0.5737,23.80,84.08,0.4814,-0.5186,0.0079,-1.4756,-1.3880,0.3504,0.0552,-0.0675,27.46,29.71,0.5003,-0.4997,0.0057,-1.0297,-0.9422,0.4961,0.1119,-0.1331,39.84,30.42,0.5123,-0.4877,0.0047,-0.8536,-0.7662,0.6074,0.1684,-0.1988
2026-08-20 11:18:45,AXP,Dow 30 / S&P 500,333.91,330.00,0.3049,10.95,2.70,0.6266,-0.3734,0.0269,-0.4090,-0.3638,0.1751,0.0386,-0.0246,16.90,4.00,0.6058,-0.3942,0.0202,-0.2883,-0.2432,0.2517,0.0737,-0.0526,16.86,3.90,0.6019,-0.3981,0.0178,-0.2252,-0.1801,0.3090,0.1092,-0.0802
2026-08-20 11:18:45,BA,Dow 30 / S&P 500,217.90,220.00,0.2844,2.98,4.63,0.4212,-0.5788,0.0456,-0.2520,-0.2219,0.1180,0.0171,-0.0250,4.35,5.79,0.4588,-0.5412,0.0315,-0.1916,-0.1616,0.1693,0.0367,-0.0475,5.18,5.95,0.4742,-0.5258,0.0269,-0.1537,-0.1236,0.2081,0.0565,-0.0698
2026-08-20 11:18:45,BAC,S&P 500,62.94,65.00,0.2041,0.16,2.16,0.1382,-0.8618,0.1240,-0.0292,-0.0203,0.0192,0.0016,-0.0108,0.31,2.56,0.2321,-0.7679,0.1207,-0.0295,-0.0206,0.0376,0.0055,-0.0194,0.44,2.61,0.2690,-0.7310,0.1145,-0.0249,-0.0160,0.0498,0.0095,-0.0278
2026-08-20 11:18:45,BKNG,Nasdaq 100 / S&P 500,211.30,210.00,0.3803,4.90,3.50,0.5644,-0.4356,0.0354,-0.3286,-0.2998,0.1152,0.0219,-0.0184,6.20,5.00,0.5614,-0.4386,0.0278,-0.2148,-0.1861,0.1631,0.0430,-0.0374,6.90,4.50,0.5614,-0.4386,0.0237,-0.1714,-0.1427,0.1998,0.0639,-0.0566
2026-08-20 11:18:45,BKR,Nasdaq 100,63.66,65.00,0.3477,0.15,1.60,0.3488,-0.6512,0.1207,-0.0839,-0.0750,0.0326,0.0041,-0.0083,0.15,1.60,0.4037,-0.5963,0.0893,-0.0633,-0.0544,0.0483,0.0094,-0.0155,1.60,2.78,0.4268,-0.5732,0.0770,-0.0511,-0.0422,0.0599,0.0148,-0.0225
2026-08-20 11:18:45,BLK,S&P 500,1156.35,1160.00,0.2490,14.10,16.54,0.4815,-0.5185,0.0100,-1.2093,-1.0505,0.6382,0.1040,-0.1183,32.20,27.14,0.5008,-0.4992,0.0067,-0.9262,-0.7676,0.9035,0.2132,-0.2308,41.40,23.35,0.5097,-0.4903,0.0060,-0.7127,-0.5542,1.1062,0.3238,-0.3417
2026-08-20 11:18:45,BMY,S&P 500,66.47,65.00,0.3320,1.91,0.57,0.7020,-0.2980,0.1134,-0.0818,-0.0729,0.0319,0.0085,-0.0039,3.38,0.67,0.6292,-0.3708,0.0673,-0.0810,-0.0722,0.0492,0.0149,-0.0100,3.21,1.00,0.6275,-0.3725,0.0632,-0.0592,-0.0503,0.0603,0.0221,-0.0152
2026-08-20 11:18:45,BNY,S&P 500,160.21,160.00,0.4233,1.61,1.07,0.5271,-0.4729,0.0424,-0.2781,-0.2562,0.0883,0.0154,-0.0152,1.61,1.07,0.5320,-0.4680,0.0299,-0.1996,-0.1777,0.1248,0.0306,-0.0307,4.64,3.40,0.5388,-0.4612,0.0386,-0.1085,-0.0866,0.1526,0.0471,-0.0447
2026-08-20 11:18:45,BRK-B,S&P 500,499.98,500.00,0.1595,4.20,4.58,0.5210,-0.4790,0.0361,-0.3493,-0.2809,0.2758,0.0491,-0.0467,5.15,5.05,0.5311,-0.4689,0.0267,-0.2468,-0.1784,0.3895,0.0994,-0.0920,8.65,5.25,0.5381,-0.4619,0.0217,-0.2089,-0.1406,0.4762,0.1502,-0.1367
2026-08-20 11:18:45,C,S&P 500,132.09,130.00,0.3809,4.02,1.20,0.6357,-0.3643,0.0539,-0.1979,-0.1801,0.0687,0.0153,-0.0096,4.99,2.00,0.6134,-0.3866,0.0410,-0.1380,-0.1202,0.0990,0.0292,-0.0206,10.40,2.55,0.6062,-0.3938,0.0353,-0.1100,-0.0922,0.1219,0.0428,-0.0318
2026-08-20 11:18:45,CAT,Dow 30 / S&P 500,814.08,810.00,0.4286,23.85,15.50,0.5519,-0.4481,0.0082,-1.4238,-1.3129,0.4459,0.0820,-0.0732,29.24,19.35,0.5498,-0.4502,0.0059,-1.0100,-0.8993,0.6311,0.1603,-0.1498,33.88,28.65,0.5513,-0.4487,0.0049,-0.8219,-0.7113,0.7725,0.2378,-0.2269
2026-08-20 11:18:45,CCEP,Nasdaq 100,107.29,105.00,0.0625,2.59,0.49,0.9954,-0.0046,0.0143,-0.0152,-0.0008,0.0020,0.0200,-0.0001,2.59,0.49,0.9729,-0.0271,0.0476,-0.0169,-0.0025,0.0131,0.0391,-0.0011,5.11,1.50,0.6827,-0.3173,0.0609,-0.0592,-0.0448,0.0917,0.0399,-0.0203
2026-08-20 11:18:45,CDNS,Nasdaq 100,315.39,320.00,0.4282,8.00,9.26,0.4211,-0.5789,0.0209,-0.5399,-0.4961,0.1708,0.0244,-0.0369,8.48,12.38,0.4518,-0.5482,0.0160,-0.3692,-0.3255,0.2446,0.0516,-0.0709,16.50,9.10,0.4699,-0.5301,0.0133,-0.3021,-0.2584,0.3009,0.0794,-0.1042
2026-08-20 11:18:45,CEG,Nasdaq 100,276.31,280.00,0.5013,6.20,9.90,0.4433,-0.5567,0.0206,-0.5571,-0.5188,0.1511,0.0223,-0.0313,6.00,8.06,0.4669,-0.5331,0.0162,-0.3658,-0.3275,0.2151,0.0463,-0.0609,10.10,20.70,0.4809,-0.5191,0.0139,-0.2894,-0.2511,0.2641,0.0706,-0.0900
2026-08-20 11:18:45,CHTR,Nasdaq 100,148.71,150.00,0.5096,8.10,6.01,0.4707,-0.5293,0.0379,-0.3074,-0.2868,0.0819,0.0127,-0.0160,10.20,9.40,0.4957,-0.5043,0.0254,-0.2331,-0.2126,0.1162,0.0261,-0.0314,10.83,5.75,0.5102,-0.4898,0.0197,-0.2014,-0.1809,0.1423,0.0392,-0.0468
2026-08-20 11:18:45,CL,S&P 500,90.45,90.00,0.1880,4.90,1.35,0.5954,-0.4046,0.1646,-0.0724,-0.0601,0.0485,0.0101,-0.0072,1.85,1.19,0.5763,-0.4237,0.1081,-0.0576,-0.0453,0.0694,0.0193,-0.0151,3.52,2.12,0.5613,-0.4387,0.0677,-0.0613,-0.0490,0.0855,0.0277,-0.0240
2026-08-20 11:18:45,CMCSA,Nasdaq 100 / S&P 500,26.42,26.00,0.2803,0.62,0.32,0.6779,-0.3221,0.3496,-0.0286,-0.0251,0.0131,0.0033,-0.0017,0.81,0.46,0.6451,-0.3549,0.2688,-0.0206,-0.0171,0.0193,0.0062,-0.0037,1.25,0.55,0.6027,-0.3973,0.1653,-0.0234,-0.0199,0.0244,0.0085,-0.0064
2026-08-20 11:18:45,COF,S&P 500,215.32,220.00,0.2688,1.55,8.23,0.2969,-0.7031,0.0432,-0.2067,-0.1766,0.1032,0.0120,-0.0302,2.90,9.10,0.3847,-0.6153,0.0293,-0.1889,-0.1588,0.1612,0.0305,-0.0538,2.55,9.45,0.4085,-0.5915,0.0258,-0.1508,-0.1207,0.2006,0.0482,-0.0780
2026-08-20 11:18:45,COP,S&P 500,134.93,135.00,0.3088,2.38,0.57,0.5123,-0.4877,0.0691,-0.1735,-0.1550,0.0745,0.0128,-0.0131,3.33,3.22,0.5213,-0.4787,0.0456,-0.1334,-0.1149,0.1053,0.0256,-0.0261,3.73,1.92,0.5274,-0.4726,0.0384,-0.1073,-0.0889,0.1288,0.0385,-0.0390
2026-08-20 11:18:45,COST,Nasdaq 100 / S&P 500,941.43,940.00,0.1762,10.50,11.95,0.5453,-0.4547,0.0172,-0.7195,-0.5908,0.5168,0.0965,-0.0836,15.00,17.55,0.5430,-0.4570,0.0108,-0.5861,-0.4575,0.7313,0.1898,-0.1700,20.27,20.40,0.5447,-0.4553,0.0083,-0.5164,-0.3880,0.8952,0.2829,-0.2564
2026-08-20 11:18:45,CPRT,Nasdaq 100,34.24,34.00,0.4180,0.10,1.39,0.5673,-0.4327,0.1984,-0.0582,-0.0536,0.0186,0.0035,-0.0030,0.10,1.39,0.5604,-0.4396,0.1407,-0.0419,-0.0373,0.0264,0.0069,-0.0061,1.20,2.30,0.5612,-0.4388,0.1226,-0.0326,-0.0280,0.0324,0.0102,-0.0093
2026-08-20 11:18:45,CRM,Dow 30 / S&P 500,206.94,210.00,0.6777,7.50,11.05,0.4605,-0.5395,0.0204,-0.5629,-0.5342,0.1138,0.0170,-0.0232,8.75,11.60,0.4783,-0.5217,0.0168,-0.3489,-0.3202,0.1614,0.0348,-0.0456,9.52,12.85,0.4854,-0.5146,0.0159,-0.2510,-0.2223,0.1979,0.0527,-0.0678
2026-08-20 11:18:45,CRWD,Nasdaq 100,192.35,190.00,0.9132,12.80,7.00,0.5667,-0.4333,0.0162,-0.6969,-0.6709,0.1048,0.0188,-0.0176,15.00,8.40,0.5671,-0.4329,0.0129,-0.4405,-0.4145,0.1482,0.0367,-0.0361,16.13,8.84,0.5692,-0.4308,0.0112,-0.3406,-0.3146,0.1813,0.0542,-0.0548
2026-08-20 11:18:45,CSCO,Dow 30 / Nasdaq 100 / S&P 500,111.19,110.00,0.3340,2.75,1.29,0.6089,-0.3911,0.0747,-0.1500,-0.1349,0.0591,0.0125,-0.0086,3.48,2.22,0.5890,-0.4110,0.0529,-0.1105,-0.0955,0.0847,0.0237,-0.0184,3.50,2.41,0.5829,-0.4171,0.0435,-0.0916,-0.0766,0.1041,0.0348,-0.0283
2026-08-20 11:18:45,CSX,Nasdaq 100,51.42,50.00,0.2705,1.50,0.51,0.7858,-0.2142,0.1514,-0.0454,-0.0386,0.0208,0.0074,-0.0022,1.80,0.65,0.7056,-0.2944,0.1145,-0.0417,-0.0349,0.0347,0.0131,-0.0060,2.00,1.24,0.7238,-0.2762,0.1194,-0.0271,-0.0203,0.0412,0.0202,-0.0085
2026-08-20 11:18:45,CTAS,Nasdaq 100,203.79,200.00,0.2874,4.10,1.64,0.6970,-0.3030,0.0431,-0.2210,-0.1936,0.0986,0.0262,-0.0121,7.80,5.33,0.6549,-0.3451,0.0324,-0.1671,-0.1397,0.1471,0.0485,-0.0280,10.37,5.30,0.6288,-0.3712,0.0250,-0.1526,-0.1253,0.1848,0.0689,-0.0459
2026-08-20 11:18:45,CTSH,Nasdaq 100,61.57,60.00,0.0000,1.40,0.35,1.0000,0.0000,0.0000,-0.0082,0.0000,0.0000,0.0115,-0.0000,1.40,0.35,1.0000,0.0000,0.0000,-0.0082,0.0000,0.0000,0.0230,-0.0000,3.40,2.25,0.6338,-0.3662,0.0623,-0.0590,-0.0508,0.0556,0.0205,-0.0139
2026-08-20 11:18:45,CVS,S&P 500,93.77,95.00,0.3196,1.10,2.08,0.4010,-0.5990,0.0932,-0.1196,-0.1066,0.0502,0.0070,-0.0112,1.50,2.48,0.4368,-0.5632,0.0713,-0.0832,-0.0702,0.0723,0.0150,-0.0213,2.11,2.51,0.4567,-0.5433,0.0599,-0.0680,-0.0551,0.0892,0.0234,-0.0311
2026-08-20 11:18:45,CVX,Dow 30 / S&P 500,207.59,210.00,0.2556,2.32,4.47,0.3892,-0.6108,0.0522,-0.2121,-0.1833,0.1102,0.0151,-0.0251,3.43,12.00,0.4368,-0.5632,0.0365,-0.1638,-0.1351,0.1602,0.0335,-0.0469,4.21,12.75,0.4566,-0.5434,0.0309,-0.1337,-0.1050,0.1975,0.0521,-0.0684
2026-08-20 11:18:45,DASH,Nasdaq 100,220.09,220.00,0.4251,6.95,4.60,0.5210,-0.4790,0.0308,-0.3836,-0.3535,0.1214,0.0210,-0.0212,6.38,7.20,0.5279,-0.4721,0.0212,-0.2818,-0.2518,0.1715,0.0416,-0.0426,9.65,7.20,0.5329,-0.4671,0.0184,-0.2192,-0.1892,0.2099,0.0623,-0.0639
2026-08-20 11:18:45,DDOG,Nasdaq 100,233.26,230.00,0.6379,10.20,7.22,0.5849,-0.4151,0.0189,-0.5912,-0.5597,0.1259,0.0242,-0.0198,12.75,7.91,0.5761,-0.4239,0.0137,-0.4157,-0.3842,0.1789,0.0465,-0.0416,15.65,9.43,0.5756,-0.4244,0.0119,-0.3239,-0.2925,0.2192,0.0686,-0.0634
2026-08-20 11:18:45,DE,S&P 500,626.70,630.00,0.4294,13.00,31.30,0.4830,-0.5170,0.0107,-1.1007,-1.0145,0.3459,0.0554,-0.0653,3.50,26.20,0.4964,-0.5036,0.0087,-0.6937,-0.6075,0.4896,0.1127,-0.1285,7.40,32.54,0.5055,-0.4945,0.0075,-0.5425,-0.4564,0.5996,0.1706,-0.1909
2026-08-20 11:18:45,DHR,S&P 500,219.92,220.00,0.3430,3.56,5.90,0.5145,-0.4855,0.0382,-0.3124,-0.2823,0.1214,0.0209,-0.0213,4.20,2.51,0.5225,-0.4775,0.0282,-0.2159,-0.1858,0.1716,0.0418,-0.0424,6.47,9.72,0.5285,-0.4715,0.0224,-0.1835,-0.1534,0.2099,0.0626,-0.0636
2026-08-20 11:18:45,DIS,Dow 30 / S&P 500,107.82,110.00,0.2085,0.58,5.85,0.2593,-0.7407,0.1040,-0.0758,-0.0607,0.0484,0.0053,-0.0158,0.99,2.69,0.3362,-0.6638,0.0829,-0.0622,-0.0472,0.0770,0.0135,-0.0286,1.48,3.55,0.3750,-0.6250,0.0705,-0.0539,-0.0389,0.0981,0.0225,-0.0406
2026-08-20 11:18:45,DOW,Dow 30,32.93,33.00,0.3399,0.64,0.84,0.4995,-0.5005,0.2574,-0.0463,-0.0418,0.0182,0.0030,-0.0033,0.72,3.85,0.5114,-0.4886,0.1907,-0.0320,-0.0275,0.0257,0.0061,-0.0065,0.93,4.05,0.5206,-0.4794,0.1407,-0.0290,-0.0245,0.0315,0.0092,-0.0097
2026-08-20 11:18:45,DUK,S&P 500,124.09,125.00,0.1528,0.20,1.38,0.3862,-0.6138,0.1457,-0.0782,-0.0611,0.0657,0.0091,-0.0149,0.20,1.38,0.4344,-0.5656,0.1060,-0.0594,-0.0423,0.0956,0.0202,-0.0276,1.90,2.78,0.4667,-0.5333,0.0757,-0.0574,-0.0403,0.1183,0.0323,-0.0394
2026-08-20 11:18:45,DXCM,Nasdaq 100,90.59,90.00,0.3672,1.81,1.35,0.5686,-0.4314,0.0853,-0.1361,-0.1238,0.0493,0.0095,-0.0078,2.99,2.83,0.5557,-0.4443,0.0496,-0.1187,-0.1064,0.0701,0.0179,-0.0165,2.87,2.40,0.5603,-0.4397,0.0500,-0.0805,-0.0682,0.0857,0.0271,-0.0245
2026-08-20 11:18:45,EA,Nasdaq 100,209.70,210.00,0.1000,1.11,1.21,0.4892,-0.5108,0.1373,-0.0966,-0.0679,0.1158,0.0195,-0.0208,1.69,1.59,0.5138,-0.4862,0.0971,-0.0730,-0.0443,0.1637,0.0407,-0.0397,2.16,1.86,0.5288,-0.4712,0.0791,-0.0625,-0.0339,0.2001,0.0626,-0.0579
2026-08-20 11:18:45,EMR,S&P 500,157.06,155.00,0.2488,3.10,0.65,0.6658,-0.3342,0.0673,-0.1545,-0.1333,0.0792,0.0194,-0.0103,8.17,2.00,0.6210,-0.3790,0.0451,-0.1274,-0.1062,0.1170,0.0356,-0.0237,6.16,1.53,0.6091,-0.3909,0.0371,-0.1069,-0.0858,0.1446,0.0519,-0.0370
2026-08-20 11:18:45,EXC,Nasdaq 100,45.71,46.00,0.3613,0.12,0.82,0.4672,-0.5328,0.1738,-0.0678,-0.0615,0.0252,0.0039,-0.0049,0.12,0.82,0.4893,-0.5107,0.1233,-0.0490,-0.0427,0.0357,0.0081,-0.0095,0.67,1.55,0.4769,-0.5231,0.2011,-0.0217,-0.0154,0.0437,0.0121,-0.0143
2026-08-20 11:18:45,FANG,Nasdaq 100,214.14,210.00,0.5029,5.24,0.41,0.6289,-0.3711,0.0253,-0.4199,-0.3912,0.1121,0.0242,-0.0160,5.24,0.41,0.6052,-0.3948,0.0183,-0.3063,-0.2776,0.1615,0.0456,-0.0348,10.90,5.60,0.6199,-0.3801,0.0208,-0.1825,-0.1538,0.1956,0.0707,-0.0498
2026-08-20 11:18:45,FAST,Nasdaq 100,51.29,50.00,0.3516,1.27,0.08,0.7147,-0.2853,0.1360,-0.0654,-0.0585,0.0241,0.0067,-0.0029,1.27,0.08,0.6672,-0.3328,0.1029,-0.0502,-0.0434,0.0365,0.0123,-0.0069,2.05,0.85,0.6902,-0.3098,0.1130,-0.0308,-0.0239,0.0434,0.0192,-0.0095
2026-08-20 11:18:45,FDX,S&P 500,332.49,330.00,0.2927,5.37,7.40,0.5907,-0.4093,0.0288,-0.4001,-0.3549,0.1789,0.0363,-0.0269,10.53,7.32,0.5798,-0.4202,0.0217,-0.2762,-0.2311,0.2546,0.0706,-0.0558,7.50,8.98,0.5760,-0.4240,0.0180,-0.2277,-0.1826,0.3124,0.1042,-0.0852
2026-08-20 11:18:45,FER,Nasdaq 100,63.80,65.00,0.4570,0.45,0.65,0.4026,-0.5974,0.0958,-0.1150,-0.1061,0.0342,0.0047,-0.0077,0.45,0.65,0.4438,-0.5562,0.0692,-0.0842,-0.0753,0.0494,0.0102,-0.0147,2.05,1.92,0.4450,-0.5550,0.0716,-0.0555,-0.0467,0.0605,0.0153,-0.0220
2026-08-20 11:18:45,FTNT,Nasdaq 100,152.43,150.00,0.5236,10.84,2.66,0.6068,-0.3932,0.0348,-0.3155,-0.2949,0.0812,0.0166,-0.0121,8.63,4.03,0.5901,-0.4099,0.0251,-0.2265,-0.2060,0.1160,0.0316,-0.0258,8.42,4.38,0.5857,-0.4143,0.0210,-0.1834,-0.1629,0.1425,0.0463,-0.0398
2026-08-20 11:18:45,GD,S&P 500,393.02,390.00,0.2750,7.20,2.93,0.5973,-0.4027,0.0259,-0.4449,-0.3915,0.2106,0.0435,-0.0312,13.70,5.68,0.5817,-0.4183,0.0185,-0.3237,-0.2704,0.3006,0.0837,-0.0656,11.70,7.12,0.5837,-0.4163,0.0171,-0.2415,-0.1882,0.3678,0.1255,-0.0982
2026-08-20 11:18:45,GE,S&P 500,349.64,350.00,0.4143,10.83,5.38,0.5110,-0.4890,0.0199,-0.5948,-0.5469,0.1931,0.0327,-0.0343,11.00,7.59,0.5194,-0.4806,0.0157,-0.3847,-0.3368,0.2729,0.0657,-0.0683,30.66,8.79,0.5262,-0.4738,0.0125,-0.3252,-0.2774,0.3339,0.0984,-0.1024
2026-08-20 11:18:45,GEHC,Nasdaq 100,75.34,75.00,0.3076,1.55,1.50,0.5596,-0.4404,0.1229,-0.0960,-0.0857,0.0412,0.0078,-0.0066,1.60,3.00,0.5528,-0.4472,0.0821,-0.0734,-0.0632,0.0583,0.0151,-0.0136,1.20,0.90,0.5553,-0.4447,0.0732,-0.0562,-0.0460,0.0714,0.0227,-0.0204
2026-08-20 11:18:45,GEV,S&P 500,963.53,960.00,0.5558,39.50,21.70,0.5393,-0.4607,0.0054,-2.1700,-2.0386,0.5297,0.0936,-0.0904,77.00,28.79,0.5421,-0.4579,0.0039,-1.5136,-1.3823,0.7486,0.1837,-0.1838,52.00,30.10,0.5458,-0.4542,0.0033,-1.2089,-1.0778,0.9159,0.2730,-0.2778
2026-08-20 11:18:45,GILD,Nasdaq 100 / S&P 500,145.58,145.00,0.3032,2.97,0.50,0.5552,-0.4448,0.0646,-0.1832,-0.1634,0.0797,0.0150,-0.0128,5.60,2.12,0.5519,-0.4481,0.0466,-0.1304,-0.1105,0.1128,0.0294,-0.0262,4.05,3.75,0.5545,-0.4455,0.0410,-0.1011,-0.0813,0.1380,0.0439,-0.0392
2026-08-20 11:18:45,GM,S&P 500,85.36,85.00,0.2891,1.35,1.69,0.5589,-0.4411,0.1155,-0.1026,-0.0910,0.0466,0.0088,-0.0074,1.96,2.52,0.5536,-0.4464,0.0807,-0.0753,-0.0637,0.0661,0.0173,-0.0153,2.55,2.98,0.5538,-0.4462,0.0657,-0.0627,-0.0511,0.0809,0.0256,-0.0231
2026-08-20 11:18:45,GOOG,Nasdaq 100 / S&P 500,336.63,340.00,0.3130,5.15,6.20,0.4262,-0.5738,0.0269,-0.4277,-0.3812,0.1828,0.0267,-0.0385,7.30,8.60,0.4593,-0.5407,0.0194,-0.3097,-0.2632,0.2616,0.0567,-0.0735,9.20,9.56,0.4756,-0.5244,0.0163,-0.2526,-0.2062,0.3215,0.0871,-0.1079
2026-08-20 11:18:45,GOOGL,Nasdaq 100 / S&P 500,339.27,340.00,0.3141,5.50,4.04,0.4978,-0.5022,0.0270,-0.4429,-0.3963,0.1874,0.0313,-0.0338,8.85,6.35,0.5110,-0.4890,0.0187,-0.3259,-0.2794,0.2650,0.0633,-0.0669,10.20,8.01,0.5189,-0.4811,0.0155,-0.2665,-0.2201,0.3243,0.0953,-0.0997
2026-08-20 11:18:45,GS,Dow 30 / S&P 500,1015.08,1020.00,0.3676,18.80,19.50,0.4798,-0.5202,0.0077,-1.5347,-1.3951,0.5601,0.0898,-0.1056,24.25,27.85,0.4950,-0.5050,0.0060,-1.0051,-0.8656,0.7930,0.1832,-0.2073,28.00,32.40,0.5061,-0.4939,0.0049,-0.8333,-0.6940,0.9712,0.2776,-0.3076
2026-08-20 11:18:45,HD,Dow 30 / S&P 500,338.88,340.00,0.2380,3.71,7.05,0.4781,-0.5219,0.0357,-0.3395,-0.2930,0.1869,0.0303,-0.0349,5.09,10.25,0.4973,-0.5027,0.0253,-0.2465,-0.2000,0.2648,0.0623,-0.0678,6.22,11.33,0.5070,-0.4930,0.0226,-0.1900,-0.1436,0.3242,0.0948,-0.1002
2026-08-20 11:18:45,HON,Dow 30 / Nasdaq 100 / S&P 500,221.87,220.00,0.3108,9.65,2.71,0.5950,-0.4050,0.0406,-0.2818,-0.2517,0.1191,0.0244,-0.0178,10.93,3.18,0.5732,-0.4268,0.0255,-0.2316,-0.2015,0.1704,0.0460,-0.0382,7.00,4.59,0.5742,-0.4258,0.0232,-0.1741,-0.1441,0.2086,0.0687,-0.0575
2026-08-20 11:18:45,IBM,Dow 30 / S&P 500,237.03,240.00,0.3314,3.39,8.20,0.4100,-0.5900,0.0357,-0.3150,-0.2821,0.1276,0.0180,-0.0279,5.25,7.55,0.4505,-0.5495,0.0250,-0.2377,-0.2049,0.1838,0.0390,-0.0529,5.32,10.59,0.4690,-0.5310,0.0207,-0.1960,-0.1632,0.2261,0.0602,-0.0775
2026-08-20 11:18:45,IDXX,Nasdaq 100,561.91,560.00,0.3499,8.70,2.20,0.5455,-0.4545,0.0146,-0.8111,-0.7344,0.3084,0.0565,-0.0508,8.70,2.20,0.5446,-0.4554,0.0103,-0.5848,-0.5082,0.4363,0.1109,-0.1035,17.70,15.37,0.5477,-0.4523,0.0091,-0.4503,-0.3738,0.5339,0.1660,-0.1552
2026-08-20 11:18:45,INSM,Nasdaq 100,127.14,125.00,0.5259,3.95,0.55,0.6111,-0.3889,0.0414,-0.2635,-0.2464,0.0675,0.0140,-0.0100,3.95,0.55,0.5927,-0.4073,0.0296,-0.1909,-0.1738,0.0966,0.0264,-0.0214,6.18,4.22,0.5985,-0.4015,0.0307,-0.1256,-0.1085,0.1179,0.0401,-0.0316
2026-08-20 11:18:45,INTC,Dow 30 / Nasdaq 100 / S&P 500,91.77,90.00,0.5884,3.55,2.07,0.6147,-0.3853,0.0511,-0.2114,-0.1991,0.0486,0.0101,-0.0072,5.60,4.00,0.5920,-0.4080,0.0335,-0.1673,-0.1550,0.0698,0.0187,-0.0158,6.85,4.63,0.5880,-0.4120,0.0276,-0.1370,-0.1247,0.0857,0.0272,-0.0244
2026-08-20 11:18:45,INTU,Nasdaq 100 / S&P 500,362.67,360.00,0.7576,18.80,18.60,0.5525,-0.4475,0.0104,-1.1000,-1.0507,0.1986,0.0352,-0.0337,22.90,21.10,0.5544,-0.4456,0.0085,-0.6828,-0.6336,0.2807,0.0694,-0.0685,27.20,20.00,0.5570,-0.4430,0.0075,-0.5176,-0.4684,0.3435,0.1032,-0.1034
2026-08-20 11:18:45,ISRG,Nasdaq 100 / S&P 500,393.27,390.00,0.3359,9.31,4.50,0.5884,-0.4116,0.0213,-0.5390,-0.4856,0.2119,0.0426,-0.0321,16.23,9.80,0.5764,-0.4236,0.0156,-0.3806,-0.3273,0.3016,0.0823,-0.0670,19.43,11.87,0.5710,-0.4290,0.0123,-0.3273,-0.2740,0.3704,0.1206,-0.1032
2026-08-20 11:18:45,JNJ,Dow 30 / S&P 500,271.46,270.00,0.2222,3.80,4.01,0.5878,-0.4122,0.0466,-0.2535,-0.2165,0.1463,0.0298,-0.0219,4.80,3.76,0.5803,-0.4197,0.0360,-0.1726,-0.1357,0.2078,0.0584,-0.0450,7.00,4.21,0.5738,-0.4262,0.0280,-0.1511,-0.1142,0.2553,0.0857,-0.0692
2026-08-20 11:18:45,JPM,Dow 30 / S&P 500,356.39,360.00,0.2390,3.45,6.16,0.3978,-0.6022,0.0327,-0.3441,-0.2948,0.1904,0.0266,-0.0424,4.70,8.63,0.4372,-0.5628,0.0245,-0.2473,-0.1981,0.2750,0.0578,-0.0800,5.30,8.45,0.4577,-0.5423,0.0206,-0.2033,-0.1541,0.3391,0.0901,-0.1164
2026-08-20 11:18:45,KDP,Nasdaq 100,31.59,32.00,0.2734,0.08,1.09,0.3851,-0.6149,0.3195,-0.0343,-0.0299,0.0167,0.0023,-0.0039,0.08,1.09,0.4304,-0.5696,0.2322,-0.0255,-0.0212,0.0243,0.0050,-0.0072,0.60,1.41,0.4406,-0.5594,0.2244,-0.0183,-0.0140,0.0299,0.0077,-0.0107
2026-08-20 11:18:45,KHC,Nasdaq 100,25.50,25.00,0.3330,0.95,0.26,0.6805,-0.3195,0.3040,-0.0323,-0.0289,0.0126,0.0032,-0.0016,0.80,0.54,0.6654,-0.3346,0.2657,-0.0200,-0.0166,0.0182,0.0062,-0.0034,1.11,0.60,0.6592,-0.3408,0.2437,-0.0153,-0.0119,0.0224,0.0091,-0.0052
2026-08-20 11:18:45,KLAC,Nasdaq 100,187.76,190.00,0.6331,7.17,7.70,0.4679,-0.5321,0.0242,-0.4788,-0.4528,0.1034,0.0158,-0.0206,6.40,10.09,0.4914,-0.5086,0.0175,-0.3354,-0.3094,0.1467,0.0322,-0.0405,10.76,11.55,0.5044,-0.4956,0.0146,-0.2709,-0.2449,0.1797,0.0487,-0.0603
2026-08-20 11:18:45,KO,Dow 30 / S&P 500,91.43,90.00,0.1607,1.60,0.52,0.7767,-0.2233,0.1468,-0.0529,-0.0405,0.0378,0.0133,-0.0040,2.07,0.86,0.6826,-0.3174,0.1006,-0.0533,-0.0410,0.0638,0.0230,-0.0114,2.30,1.02,0.6744,-0.3256,0.0912,-0.0420,-0.0297,0.0790,0.0340,-0.0176
2026-08-20 11:18:45,LIN,Nasdaq 100 / S&P 500,488.97,490.00,0.2031,1.78,4.99,0.4894,-0.5106,0.0290,-0.4239,-0.3568,0.2700,0.0449,-0.0490,1.78,4.99,0.5061,-0.4939,0.0205,-0.3100,-0.2430,0.3820,0.0920,-0.0956,10.50,16.73,0.5163,-0.4837,0.0156,-0.2759,-0.2090,0.4675,0.1393,-0.1418
2026-08-20 11:18:45,LITE,Nasdaq 100,862.93,860.00,0.7763,45.50,41.00,0.5376,-0.4624,0.0043,-2.6900,-2.5723,0.4746,0.0815,-0.0833,54.22,53.29,0.5449,-0.4551,0.0029,-1.9965,-1.8789,0.6699,0.1586,-0.1706,96.55,83.80,0.5503,-0.4497,0.0025,-1.5599,-1.4424,0.8192,0.2352,-0.2582
2026-08-20 11:18:45,LLY,S&P 500,1267.27,1270.00,0.3045,21.00,26.31,0.4971,-0.5029,0.0075,-1.6063,-1.4325,0.7001,0.1169,-0.1265,35.17,38.42,0.5117,-0.4883,0.0048,-1.2725,-1.0989,0.9897,0.2360,-0.2502,37.05,37.25,0.5191,-0.4809,0.0041,-1.0149,-0.8414,1.2113,0.3558,-0.3728
2026-08-20 11:18:45,LMT,S&P 500,579.36,580.00,0.4535,17.00,5.80,0.5116,-0.4884,0.0110,-1.0750,-0.9956,0.3199,0.0541,-0.0571,31.50,10.28,0.5194,-0.4806,0.0091,-0.6649,-0.5856,0.4521,0.1086,-0.1134,28.20,8.30,0.5249,-0.4751,0.0085,-0.4833,-0.4041,0.5533,0.1639,-0.1688
2026-08-20 11:18:45,LOW,S&P 500,219.99,220.00,0.2723,3.37,5.00,0.5169,-0.4831,0.0480,-0.2513,-0.2212,0.1214,0.0212,-0.0210,4.20,4.74,0.5244,-0.4756,0.0330,-0.1870,-0.1569,0.1716,0.0423,-0.0419,3.52,6.77,0.5300,-0.4700,0.0261,-0.1593,-0.1292,0.2099,0.0634,-0.0628
2026-08-20 11:18:45,LRCX,Nasdaq 100 / S&P 500,310.02,310.00,0.6866,11.41,12.12,0.5232,-0.4768,0.0135,-0.8592,-0.8168,0.1710,0.0288,-0.0306,16.70,16.35,0.5320,-0.4680,0.0098,-0.5945,-0.5522,0.2414,0.0570,-0.0617,17.25,18.98,0.5385,-0.4615,0.0082,-0.4754,-0.4330,0.2953,0.0848,-0.0931
2026-08-20 11:18:45,MA,S&P 500,577.88,580.00,0.2318,6.00,8.20,0.4728,-0.5272,0.0215,-0.5638,-0.4844,0.3185,0.0511,-0.0600,6.70,9.17,0.4942,-0.5058,0.0149,-0.4183,-0.3390,0.4515,0.1056,-0.1164,9.48,21.60,0.5048,-0.4952,0.0129,-0.3316,-0.2523,0.5529,0.1609,-0.1719
2026-08-20 11:18:45,MAR,Nasdaq 100,358.06,360.00,0.2644,4.30,4.62,0.4590,-0.5410,0.0303,-0.3935,-0.3443,0.1968,0.0307,-0.0383,9.92,9.00,0.4854,-0.5146,0.0204,-0.3011,-0.2519,0.2796,0.0639,-0.0739,8.13,13.23,0.4984,-0.5016,0.0166,-0.2515,-0.2024,0.3426,0.0974,-0.1091
2026-08-20 11:18:45,MCD,Dow 30 / S&P 500,270.79,270.00,0.1885,3.30,3.49,0.5642,-0.4358,0.0557,-0.2193,-0.1823,0.1477,0.0287,-0.0231,4.10,5.80,0.5607,-0.4393,0.0405,-0.1572,-0.1203,0.2091,0.0565,-0.0469,4.65,6.35,0.5647,-0.4353,0.0357,-0.1235,-0.0867,0.2557,0.0850,-0.0699
2026-08-20 11:18:45,MCHP,Nasdaq 100,77.05,75.00,0.4614,3.06,1.60,0.6805,-0.3195,0.0726,-0.1324,-0.1222,0.0381,0.0094,-0.0049,3.90,2.00,0.6356,-0.3644,0.0504,-0.1062,-0.0959,0.0567,0.0172,-0.0115,4.50,2.50,0.6243,-0.3757,0.0428,-0.0860,-0.0758,0.0701,0.0250,-0.0181
2026-08-20 11:18:45,MDLZ,Nasdaq 100 / S&P 500,64.45,65.00,0.2373,0.60,0.40,0.4157,-0.5843,0.1841,-0.0626,-0.0537,0.0348,0.0050,-0.0074,0.75,3.07,0.4547,-0.5453,0.1286,-0.0475,-0.0386,0.0500,0.0108,-0.0140,1.05,2.52,0.4731,-0.5269,0.1061,-0.0396,-0.0307,0.0615,0.0168,-0.0205
2026-08-20 11:18:45,MDT,S&P 500,93.90,95.00,0.2759,1.28,6.30,0.3972,-0.6028,0.1075,-0.1038,-0.0908,0.0501,0.0070,-0.0112,2.50,2.33,0.4569,-0.5431,0.0619,-0.0964,-0.0834,0.0729,0.0156,-0.0207,2.58,2.93,0.4719,-0.5281,0.0533,-0.0765,-0.0635,0.0896,0.0240,-0.0305
2026-08-20 11:18:45,MELI,Nasdaq 100,1904.56,1900.00,0.3744,35.20,37.00,0.5361,-0.4639,0.0040,-2.9361,-2.6760,1.0479,0.1877,-0.1764,20.73,51.60,0.5381,-0.4619,0.0028,-2.1109,-1.8511,1.4813,0.3702,-0.3572,71.20,124.20,0.5413,-0.4587,0.0023,-1.7295,-1.4700,1.8127,0.5515,-0.5385
2026-08-20 11:18:45,META,Nasdaq 100 / S&P 500,542.58,540.00,0.4204,20.45,7.20,0.5507,-0.4493,0.0125,-0.9318,-0.8579,0.2973,0.0546,-0.0489,19.90,13.38,0.5504,-0.4496,0.0098,-0.6117,-0.5379,0.4205,0.1077,-0.0991,21.75,14.82,0.5512,-0.4488,0.0078,-0.5133,-0.4395,0.5149,0.1593,-0.1505
2026-08-20 11:18:45,MMM,Dow 30 / S&P 500,181.60,180.00,0.2251,2.43,2.53,0.6291,-0.3709,0.0668,-0.1680,-0.1434,0.0950,0.0213,-0.0132,4.50,3.58,0.6212,-0.3788,0.0566,-0.1063,-0.0817,0.1353,0.0418,-0.0271,4.35,2.90,0.6069,-0.3931,0.0448,-0.0930,-0.0685,0.1675,0.0608,-0.0425
2026-08-20 11:18:45,MNST,Nasdaq 100,47.55,48.00,0.3262,0.30,0.45,0.4346,-0.5654,0.1832,-0.0631,-0.0566,0.0259,0.0038,-0.0054,0.30,0.45,0.4659,-0.5341,0.1309,-0.0460,-0.0394,0.0370,0.0081,-0.0103,1.25,1.15,0.4707,-0.5293,0.1340,-0.0310,-0.0245,0.0454,0.0123,-0.0153
2026-08-20 11:18:45,MO,S&P 500,66.53,65.00,0.2798,1.78,0.39,0.7404,-0.2596,0.1257,-0.0662,-0.0573,0.0299,0.0091,-0.0034,1.55,0.71,0.6846,-0.3154,0.0961,-0.0529,-0.0440,0.0463,0.0165,-0.0083,2.32,0.79,0.6674,-0.3326,0.0836,-0.0433,-0.0344,0.0580,0.0240,-0.0133
2026-08-20 11:18:45,MPWR,Nasdaq 100,1314.16,1310.00,0.5973,17.00,23.00,0.5363,-0.4637,0.0037,-3.1749,-2.9957,0.7230,0.1263,-0.1246,17.00,23.00,0.5406,-0.4594,0.0026,-2.2674,-2.0883,1.0214,0.2477,-0.2538,87.23,81.02,0.5456,-0.4544,0.0021,-1.9029,-1.7240,1.2493,0.3662,-0.3853
2026-08-20 11:18:45,MRK,Dow 30 / S&P 500,151.78,150.00,0.2913,3.40,0.84,0.6317,-0.3683,0.0616,-0.1775,-0.1570,0.0792,0.0177,-0.0110,4.00,1.00,0.6008,-0.3992,0.0417,-0.1394,-0.1189,0.1148,0.0331,-0.0243,6.70,1.00,0.5927,-0.4073,0.0344,-0.1158,-0.0953,0.1413,0.0485,-0.0375
2026-08-20 11:18:45,MRVL,Nasdaq 100,243.47,240.00,1.0933,18.50,11.94,0.5702,-0.4298,0.0107,-1.0509,-1.0180,0.1324,0.0235,-0.0225,21.25,15.00,0.5718,-0.4282,0.0083,-0.6826,-0.6498,0.1871,0.0454,-0.0465,22.24,19.50,0.5750,-0.4250,0.0071,-0.5275,-0.4947,0.2289,0.0669,-0.0708
2026-08-20 11:18:45,MS,S&P 500,212.45,210.00,0.3856,5.50,2.28,0.6033,-0.3967,0.0340,-0.3291,-0.3004,0.1134,0.0234,-0.0168,6.90,4.00,0.5882,-0.4118,0.0253,-0.2298,-0.2011,0.1619,0.0450,-0.0354,8.00,4.00,0.5854,-0.4146,0.0221,-0.1797,-0.1510,0.1986,0.0666,-0.0539
2026-08-20 11:18:45,MSFT,Dow 30 / Nasdaq 100 / S&P 500,479.97,480.00,0.2592,7.09,5.30,0.5171,-0.4829,0.0231,-0.5235,-0.4578,0.2649,0.0462,-0.0457,11.45,9.10,0.5244,-0.4756,0.0149,-0.4138,-0.3482,0.3743,0.0923,-0.0915,13.20,10.82,0.5301,-0.4699,0.0124,-0.3364,-0.2708,0.4580,0.1387,-0.1367
2026-08-20 11:18:45,MSTR,Nasdaq 100,111.76,110.00,0.7139,6.32,4.94,0.5871,-0.4129,0.0352,-0.3156,-0.3005,0.0603,0.0116,-0.0095,8.25,6.87,0.5775,-0.4225,0.0241,-0.2344,-0.2193,0.0857,0.0219,-0.0202,8.20,8.15,0.5784,-0.4216,0.0220,-0.1733,-0.1583,0.1049,0.0325,-0.0306
2026-08-20 11:18:45,MU,Nasdaq 100 / S&P 500,956.55,960.00,0.6476,29.64,32.90,0.5061,-0.4939,0.0046,-2.5062,-2.3749,0.5284,0.0865,-0.0974,53.05,51.00,0.5231,-0.4769,0.0030,-1.9630,-1.8317,0.7461,0.1718,-0.1958,57.80,61.95,0.5305,-0.4695,0.0026,-1.5272,-1.3961,0.9127,0.2566,-0.2941
2026-08-20 11:18:45,NEE,S&P 500,85.30,85.00,0.2192,1.27,1.20,0.5647,-0.4353,0.1520,-0.0793,-0.0676,0.0465,0.0090,-0.0073,1.45,1.50,0.5627,-0.4373,0.1172,-0.0537,-0.0420,0.0658,0.0178,-0.0147,2.18,1.51,0.5643,-0.4357,0.1000,-0.0432,-0.0316,0.0806,0.0266,-0.0221
2026-08-20 11:18:45,NFLX,Nasdaq 100 / S&P 500,80.04,80.00,0.2832,1.47,1.56,0.5226,-0.4774,0.1269,-0.0949,-0.0839,0.0441,0.0078,-0.0076,2.10,2.14,0.5281,-0.4719,0.0844,-0.0725,-0.0616,0.0624,0.0155,-0.0152,2.50,2.51,0.5330,-0.4670,0.0679,-0.0610,-0.0500,0.0763,0.0231,-0.0228
2026-08-20 11:18:45,NKE,Dow 30 / S&P 500,40.24,40.00,0.2881,0.82,0.70,0.5769,-0.4231,0.2439,-0.0480,-0.0425,0.0218,0.0043,-0.0034,0.95,1.20,0.5687,-0.4313,0.1808,-0.0335,-0.0280,0.0310,0.0084,-0.0069,1.12,1.37,0.5679,-0.4321,0.1536,-0.0269,-0.0215,0.0379,0.0125,-0.0105
2026-08-20 11:18:45,NOW,S&P 500,130.03,130.00,0.5147,4.23,5.33,0.5209,-0.4791,0.0430,-0.2725,-0.2547,0.0717,0.0123,-0.0126,5.71,6.68,0.5288,-0.4712,0.0298,-0.1984,-0.1806,0.1013,0.0243,-0.0255,6.39,7.00,0.5348,-0.4652,0.0245,-0.1621,-0.1443,0.1240,0.0362,-0.0384
2026-08-20 11:18:45,NVDA,Nasdaq 100 / S&P 500,217.53,220.00,0.5443,6.25,7.90,0.4604,-0.5396,0.0242,-0.4779,-0.4478,0.1196,0.0182,-0.0240,7.40,8.95,0.4790,-0.5210,0.0195,-0.3042,-0.2742,0.1697,0.0372,-0.0470,8.05,10.00,0.4892,-0.5108,0.0174,-0.2312,-0.2012,0.2081,0.0565,-0.0698
2026-08-20 11:18:45,NXPI,Nasdaq 100,226.39,230.00,0.5210,1.22,4.67,0.4325,-0.5675,0.0241,-0.4715,-0.4400,0.1233,0.0178,-0.0262,1.22,4.67,0.4660,-0.5340,0.0172,-0.3413,-0.3099,0.1762,0.0375,-0.0506,9.30,12.80,0.4709,-0.5291,0.0170,-0.2359,-0.2045,0.2161,0.0567,-0.0752
2026-08-20 11:18:45,ODFL,Nasdaq 100,205.91,210.00,0.4541,1.70,5.50,0.3951,-0.6049,0.0297,-0.3668,-0.3381,0.1098,0.0149,-0.0253,1.70,5.50,0.4384,-0.5616,0.0215,-0.2694,-0.2407,0.1590,0.0324,-0.0479,5.20,10.21,0.4381,-0.5619,0.0226,-0.1754,-0.1467,0.1947,0.0488,-0.0717
2026-08-20 11:18:45,ORCL,S&P 500,142.02,140.00,0.5823,5.87,3.55,0.5909,-0.4091,0.0339,-0.3285,-0.3094,0.0764,0.0150,-0.0118,8.00,5.15,0.5786,-0.4214,0.0238,-0.2396,-0.2205,0.1088,0.0286,-0.0250,11.83,8.90,0.5736,-0.4264,0.0151,-0.2524,-0.2333,0.1336,0.0402,-0.0401
2026-08-20 11:18:45,ORLY,Nasdaq 100,89.73,90.00,0.2730,0.45,0.95,0.4860,-0.5140,0.1175,-0.1024,-0.0901,0.0495,0.0081,-0.0091,0.45,0.95,0.5026,-0.4974,0.0832,-0.0743,-0.0620,0.0701,0.0166,-0.0179,2.90,1.80,0.5121,-0.4879,0.0689,-0.0610,-0.0487,0.0858,0.0251,-0.0265
2026-08-20 11:18:45,PANW,Nasdaq 100,352.86,350.00,0.6794,17.75,7.45,0.5571,-0.4429,0.0119,-0.9613,-0.9134,0.1929,0.0349,-0.0322,25.20,16.10,0.5570,-0.4430,0.0068,-0.8379,-0.7901,0.2729,0.0659,-0.0681,27.00,17.55,0.5599,-0.4401,0.0063,-0.6075,-0.5597,0.3338,0.0983,-0.1024
2026-08-20 11:18:45,PAYX,Nasdaq 100,123.35,125.00,0.4697,0.50,2.80,0.4374,-0.5626,0.0491,-0.2329,-0.2158,0.0673,0.0099,-0.0141,0.50,2.80,0.4689,-0.5311,0.0351,-0.1686,-0.1515,0.0961,0.0207,-0.0272,3.30,5.40,0.4620,-0.5380,0.0414,-0.0981,-0.0810,0.1175,0.0309,-0.0408
2026-08-20 11:18:45,PCAR,Nasdaq 100,129.79,130.00,0.2774,0.84,3.00,0.5008,-0.4992,0.0800,-0.1507,-0.1329,0.0717,0.0121,-0.0128,0.84,3.00,0.5130,-0.4870,0.0566,-0.1091,-0.0914,0.1014,0.0245,-0.0253,2.70,3.25,0.5208,-0.4792,0.0462,-0.0906,-0.0729,0.1240,0.0369,-0.0377
2026-08-20 11:18:45,PDD,Nasdaq 100,88.93,90.00,0.6187,3.00,4.30,0.4662,-0.5338,0.0522,-0.2217,-0.2093,0.0490,0.0075,-0.0098,2.90,3.85,0.4837,-0.5163,0.0422,-0.1399,-0.1276,0.0694,0.0152,-0.0192,3.25,4.05,0.4917,-0.5083,0.0389,-0.1028,-0.0905,0.0851,0.0230,-0.0286
2026-08-20 11:18:45,PEP,Nasdaq 100 / S&P 500,142.83,145.00,0.1931,0.72,2.85,0.3034,-0.6966,0.0915,-0.1012,-0.0813,0.0691,0.0082,-0.0196,1.36,5.68,0.3728,-0.6272,0.0692,-0.0811,-0.0612,0.1059,0.0199,-0.0356,1.86,6.12,0.3996,-0.6004,0.0613,-0.0655,-0.0457,0.1323,0.0318,-0.0514
2026-08-20 11:18:45,PFE,S&P 500,27.85,28.00,0.1934,0.24,0.51,0.4425,-0.5575,0.5293,-0.0227,-0.0189,0.0152,0.0023,-0.0030,0.40,0.70,0.4774,-0.5226,0.3398,-0.0184,-0.0146,0.0217,0.0049,-0.0058,0.47,0.70,0.4919,-0.5081,0.2823,-0.0152,-0.0114,0.0266,0.0076,-0.0085
2026-08-20 11:18:45,PG,Dow 30 / S&P 500,142.99,145.00,0.1943,0.80,2.04,0.3198,-0.6802,0.0929,-0.1044,-0.0846,0.0708,0.0086,-0.0192,1.43,2.33,0.3903,-0.6097,0.0668,-0.0862,-0.0664,0.1075,0.0208,-0.0347,2.36,3.68,0.4170,-0.5830,0.0576,-0.0708,-0.0510,0.1339,0.0332,-0.0500
2026-08-20 11:18:45,PLTR,Nasdaq 100 / S&P 500,174.08,175.00,0.5410,5.52,4.35,0.4920,-0.5080,0.0306,-0.3827,-0.3587,0.0962,0.0155,-0.0180,7.45,6.05,0.5076,-0.4924,0.0222,-0.2667,-0.2428,0.1360,0.0313,-0.0357,8.70,7.10,0.5167,-0.4833,0.0186,-0.2140,-0.1901,0.1664,0.0470,-0.0534
2026-08-20 11:18:45,PM,S&P 500,191.85,190.00,0.2653,3.63,3.15,0.6209,-0.3791,0.0540,-0.2073,-0.1813,0.1011,0.0221,-0.0143,3.66,6.20,0.5955,-0.4045,0.0374,-0.1582,-0.1322,0.1456,0.0418,-0.0309,6.40,6.70,0.5902,-0.4098,0.0317,-0.1283,-0.1024,0.1789,0.0616,-0.0474
2026-08-20 11:18:45,PYPL,Nasdaq 100,61.95,60.00,0.3618,2.35,0.44,0.7525,-0.2475,0.1018,-0.0761,-0.0679,0.0271,0.0085,-0.0030,2.49,0.79,0.6945,-0.3055,0.0789,-0.0611,-0.0529,0.0425,0.0154,-0.0076,2.53,1.16,0.6799,-0.3201,0.0706,-0.0485,-0.0403,0.0531,0.0224,-0.0120
2026-08-20 11:18:45,QCOM,Nasdaq 100 / S&P 500,164.38,165.00,0.4946,4.30,5.37,0.4975,-0.5025,0.0354,-0.3315,-0.3089,0.0908,0.0149,-0.0167,4.70,7.45,0.5100,-0.4900,0.0268,-0.2225,-0.1999,0.1284,0.0299,-0.0332,6.85,8.38,0.5178,-0.4822,0.0230,-0.1753,-0.1528,0.1571,0.0450,-0.0496
2026-08-20 11:18:45,REGN,Nasdaq 100,838.61,840.00,0.3036,19.15,6.76,0.5018,-0.4982,0.0113,-1.0605,-0.9455,0.4633,0.0781,-0.0829,27.82,105.09,0.5131,-0.4869,0.0084,-0.7311,-0.6163,0.6549,0.1578,-0.1638,28.70,9.15,0.5207,-0.4793,0.0070,-0.5959,-0.4812,0.8014,0.2379,-0.2440
2026-08-20 11:18:45,ROP,Nasdaq 100,410.70,410.00,0.4655,5.15,89.81,0.5294,-0.4706,0.0150,-0.7806,-0.7245,0.2263,0.0396,-0.0390,5.15,89.81,0.5341,-0.4659,0.0106,-0.5594,-0.5033,0.3197,0.0781,-0.0788,10.27,21.80,0.5390,-0.4610,0.0123,-0.3330,-0.2770,0.3911,0.1194,-0.1158
2026-08-20 11:18:45,ROST,Nasdaq 100,230.44,230.00,0.6405,9.45,8.80,0.5306,-0.4694,0.0195,-0.5963,-0.5649,0.1269,0.0218,-0.0222,5.50,2.75,0.5351,-0.4649,0.0176,-0.3360,-0.3046,0.1793,0.0437,-0.0444,10.69,9.41,0.5393,-0.4607,0.0154,-0.2598,-0.2283,0.2194,0.0653,-0.0667
2026-08-20 11:18:45,RTX,S&P 500,218.13,220.00,0.3064,2.97,3.34,0.4375,-0.5625,0.0426,-0.2732,-0.2431,0.1190,0.0177,-0.0244,3.50,4.00,0.4657,-0.5343,0.0316,-0.1917,-0.1617,0.1698,0.0373,-0.0469,5.00,4.80,0.4794,-0.5206,0.0274,-0.1515,-0.1215,0.2085,0.0572,-0.0690
2026-08-20 11:18:45,SBUX,Nasdaq 100 / S&P 500,104.28,105.00,0.2346,1.05,2.54,0.4341,-0.5659,0.1161,-0.1013,-0.0869,0.0568,0.0085,-0.0116,1.94,2.50,0.4759,-0.5241,0.0681,-0.0896,-0.0753,0.0813,0.0182,-0.0220,2.80,1.64,0.4887,-0.5113,0.0584,-0.0715,-0.0572,0.0997,0.0279,-0.0324
2026-08-20 11:18:45,SCHW,S&P 500,111.21,110.00,0.2710,2.28,0.97,0.6310,-0.3690,0.0904,-0.1217,-0.1067,0.0581,0.0130,-0.0081,2.71,1.62,0.6025,-0.3975,0.0629,-0.0933,-0.0782,0.0840,0.0245,-0.0176,2.99,1.88,0.6014,-0.3986,0.0571,-0.0708,-0.0557,0.1030,0.0365,-0.0266
2026-08-20 11:18:45,SHOP,Nasdaq 100,145.09,145.00,0.5165,3.81,3.98,0.5229,-0.4771,0.0384,-0.3050,-0.2852,0.0800,0.0137,-0.0140,6.20,4.85,0.5294,-0.4706,0.0290,-0.2045,-0.1847,0.1130,0.0273,-0.0282,6.73,5.96,0.5347,-0.4653,0.0242,-0.1649,-0.1451,0.1383,0.0407,-0.0425
2026-08-20 11:18:45,SNDK,Nasdaq 100,1595.35,1600.00,0.9273,89.90,80.00,0.5195,-0.4805,0.0019,-5.9336,-5.7146,0.8803,0.1436,-0.1630,132.28,109.03,0.5340,-0.4660,0.0014,-4.2170,-3.9983,1.2419,0.2828,-0.3298,146.00,120.51,0.5437,-0.4563,0.0011,-3.4084,-3.1899,1.5175,0.4188,-0.4991
2026-08-20 11:18:45,SNPS,Nasdaq 100,399.80,400.00,0.6649,16.20,16.00,0.5203,-0.4797,0.0108,-1.0742,-1.0194,0.2206,0.0371,-0.0396,35.60,17.00,0.5277,-0.4723,0.0087,-0.6748,-0.6201,0.3116,0.0738,-0.0793,33.40,18.34,0.5330,-0.4670,0.0077,-0.5140,-0.4594,0.3813,0.1105,-0.1189
2026-08-20 11:18:45,SO,S&P 500,92.51,95.00,0.1831,0.20,3.09,0.1594,-0.8406,0.1035,-0.0427,-0.0297,0.0311,0.0028,-0.0154,0.50,2.50,0.3831,-0.6169,0.0560,-0.0976,-0.0846,0.0692,0.0129,-0.0234,0.77,3.42,0.3165,-0.6835,0.0814,-0.0409,-0.0280,0.0790,0.0163,-0.0382
2026-08-20 11:18:45,SPG,S&P 500,222.28,220.00,0.3125,2.70,0.66,0.6110,-0.3890,0.0399,-0.2813,-0.2512,0.1180,0.0251,-0.0171,2.70,0.66,0.5911,-0.4089,0.0286,-0.2058,-0.1757,0.1691,0.0478,-0.0365,6.79,4.90,0.6177,-0.3823,0.0358,-0.1147,-0.0846,0.2034,0.0756,-0.0506
2026-08-20 11:18:45,STX,Nasdaq 100,858.78,860.00,0.7879,42.00,50.82,0.5201,-0.4799,0.0043,-2.7228,-2.6051,0.4739,0.0785,-0.0862,56.56,66.80,0.5326,-0.4674,0.0029,-1.9754,-1.8579,0.6687,0.1547,-0.1745,56.06,64.86,0.5400,-0.4600,0.0025,-1.5579,-1.4404,0.8176,0.2300,-0.2633
2026-08-20 11:18:45,T,S&P 500,25.19,25.00,0.2686,0.44,0.29,0.5979,-0.4021,0.4130,-0.0279,-0.0245,0.0135,0.0028,-0.0020,0.58,0.46,0.5830,-0.4170,0.3000,-0.0201,-0.0166,0.0193,0.0054,-0.0042,0.69,0.47,0.5779,-0.4221,0.2452,-0.0168,-0.0133,0.0236,0.0079,-0.0064
2026-08-20 11:18:45,TMO,S&P 500,632.36,630.00,0.3143,5.00,3.70,0.5516,-0.4484,0.0144,-0.8239,-0.7377,0.3464,0.0645,-0.0562,5.55,40.60,0.5503,-0.4497,0.0108,-0.5645,-0.4784,0.4901,0.1272,-0.1140,6.50,7.17,0.5513,-0.4487,0.0088,-0.4664,-0.3803,0.6001,0.1891,-0.1723
2026-08-20 11:18:45,TMUS,Nasdaq 100 / S&P 500,181.58,180.00,0.3550,4.65,3.20,0.5878,-0.4122,0.0436,-0.2622,-0.2376,0.0979,0.0196,-0.0149,7.20,5.10,0.5849,-0.4151,0.0374,-0.1589,-0.1343,0.1386,0.0388,-0.0302,6.90,6.26,0.5792,-0.4208,0.0305,-0.1329,-0.1083,0.1703,0.0569,-0.0463
2026-08-20 11:18:45,TRI,Nasdaq 100,105.59,105.00,0.6055,2.59,2.56,0.5478,-0.4522,0.0447,-0.2579,-0.2435,0.0579,0.0104,-0.0098,2.59,2.56,0.5488,-0.4512,0.0316,-0.1843,-0.1699,0.0819,0.0202,-0.0200,6.57,6.85,0.5519,-0.4481,0.0309,-0.1280,-0.1136,0.1002,0.0303,-0.0299
2026-08-20 11:18:45,TRV,Dow 30,365.85,370.00,0.2664,1.05,5.73,0.3968,-0.6032,0.0286,-0.3910,-0.3403,0.1953,0.0271,-0.0438,1.05,5.73,0.4389,-0.5611,0.0207,-0.2899,-0.2393,0.2825,0.0593,-0.0824,5.60,11.55,0.4452,-0.5548,0.0210,-0.1987,-0.1481,0.3468,0.0902,-0.1221
2026-08-20 11:18:45,TSLA,Nasdaq 100 / S&P 500,342.89,340.00,0.3219,7.75,6.15,0.5924,-0.4076,0.0254,-0.4506,-0.4041,0.1843,0.0375,-0.0277,12.60,10.44,0.5696,-0.4304,0.0152,-0.3878,-0.3413,0.2638,0.0703,-0.0599,14.60,12.30,0.5670,-0.4330,0.0124,-0.3218,-0.2753,0.3235,0.1035,-0.0916
2026-08-20 11:18:45,TTWO,Nasdaq 100,236.40,240.00,0.5219,4.60,9.91,0.4364,-0.5636,0.0231,-0.4940,-0.4612,0.1289,0.0188,-0.0272,6.30,9.10,0.4591,-0.5409,0.0187,-0.3142,-0.2814,0.1837,0.0389,-0.0529,9.20,11.01,0.4722,-0.5278,0.0166,-0.2420,-0.2092,0.2257,0.0595,-0.0782
2026-08-20 11:18:45,TXN,Nasdaq 100 / S&P 500,267.75,270.00,0.4547,6.90,8.45,0.4656,-0.5344,0.0236,-0.4949,-0.4580,0.1474,0.0228,-0.0289,8.20,9.67,0.4873,-0.5127,0.0173,-0.3451,-0.3082,0.2091,0.0468,-0.0565,8.80,11.10,0.4990,-0.5010,0.0146,-0.2772,-0.2404,0.2562,0.0710,-0.0839
2026-08-20 11:18:45,UBER,S&P 500,78.56,80.00,0.3711,1.10,2.76,0.3782,-0.6218,0.0942,-0.1136,-0.1026,0.0414,0.0055,-0.0098,1.65,3.15,0.4274,-0.5726,0.0674,-0.0859,-0.0750,0.0604,0.0122,-0.0184,2.00,2.90,0.4464,-0.5536,0.0583,-0.0683,-0.0574,0.0745,0.0189,-0.0270
2026-08-20 11:18:45,UNH,Dow 30 / S&P 500,387.24,390.00,0.3148,5.90,6.72,0.4527,-0.5473,0.0235,-0.5010,-0.4476,0.2124,0.0325,-0.0422,9.45,8.78,0.4783,-0.5217,0.0169,-0.3599,-0.3066,0.3021,0.0678,-0.0815,11.25,10.50,0.4921,-0.5079,0.0139,-0.2970,-0.2438,0.3705,0.1035,-0.1202
2026-08-20 11:18:45,UNP,S&P 500,307.18,310.00,0.2712,2.22,10.66,0.4213,-0.5787,0.0339,-0.3396,-0.2971,0.1664,0.0242,-0.0352,1.86,11.00,0.4574,-0.5426,0.0240,-0.2527,-0.2103,0.2386,0.0518,-0.0669,4.43,3.60,0.4649,-0.5351,0.0239,-0.1763,-0.1339,0.2928,0.0789,-0.0990
2026-08-20 11:18:45,UPS,S&P 500,103.28,105.00,0.2219,0.62,3.29,0.3118,-0.6882,0.1114,-0.0845,-0.0701,0.0506,0.0061,-0.0141,1.05,3.77,0.3861,-0.6139,0.0794,-0.0711,-0.0568,0.0774,0.0148,-0.0254,1.20,3.21,0.4137,-0.5863,0.0680,-0.0588,-0.0444,0.0965,0.0236,-0.0366
2026-08-20 11:18:45,USB,S&P 500,62.76,65.00,0.2315,0.16,1.22,0.1473,-0.8527,0.1145,-0.0343,-0.0254,0.0200,0.0017,-0.0107,0.30,2.60,0.2474,-0.7526,0.1072,-0.0353,-0.0264,0.0388,0.0058,-0.0191,0.56,2.29,0.2920,-0.7080,0.0978,-0.0311,-0.0222,0.0517,0.0102,-0.0271
2026-08-20 11:18:45,V,Dow 30 / S&P 500,368.17,370.00,0.2142,3.87,6.35,0.4523,-0.5477,0.0363,-0.3313,-0.2807,0.2019,0.0312,-0.0397,5.93,6.33,0.4801,-0.5199,0.0254,-0.2469,-0.1963,0.2873,0.0656,-0.0760,8.20,7.16,0.4944,-0.5056,0.0208,-0.2059,-0.1554,0.3523,0.1005,-0.1117
2026-08-20 11:18:45,VRSK,Nasdaq 100,189.00,190.00,0.3928,0.80,6.00,0.4792,-0.5208,0.0387,-0.3045,-0.2785,0.1043,0.0167,-0.0197,0.80,6.00,0.4979,-0.5021,0.0274,-0.2193,-0.1933,0.1477,0.0340,-0.0387,5.56,13.50,0.5048,-0.4952,0.0257,-0.1599,-0.1339,0.1808,0.0514,-0.0576
2026-08-20 11:18:45,VRTX,Nasdaq 100,547.87,550.00,0.3084,10.00,12.65,0.4812,-0.5188,0.0170,-0.7010,-0.6257,0.3023,0.0489,-0.0565,10.23,19.30,0.4962,-0.5038,0.0135,-0.4565,-0.3813,0.4280,0.1000,-0.1106,14.95,51.91,0.5072,-0.4928,0.0110,-0.3820,-0.3068,0.5242,0.1517,-0.1638
2026-08-20 11:18:45,VZ,Dow 30 / S&P 500,49.55,50.00,0.2202,0.39,1.15,0.4008,-0.5992,0.2558,-0.0444,-0.0375,0.0265,0.0037,-0.0059,0.65,1.87,0.4449,-0.5551,0.1789,-0.0341,-0.0272,0.0383,0.0082,-0.0110,0.84,1.38,0.4638,-0.5362,0.1515,-0.0278,-0.0210,0.0472,0.0127,-0.0160
2026-08-20 11:18:45,WBD,Nasdaq 100,28.31,28.00,0.3184,0.55,0.05,0.6139,-0.3861,0.3066,-0.0364,-0.0326,0.0150,0.0032,-0.0022,0.65,0.27,0.5908,-0.4092,0.2124,-0.0276,-0.0237,0.0215,0.0061,-0.0047,0.54,0.79,0.5838,-0.4162,0.1725,-0.0231,-0.0193,0.0265,0.0089,-0.0072
2026-08-20 11:18:45,WDAY,Nasdaq 100,197.54,200.00,0.6189,6.66,9.20,0.4640,-0.5360,0.0235,-0.4923,-0.4649,0.1087,0.0165,-0.0218,7.34,12.02,0.4833,-0.5167,0.0186,-0.3177,-0.2903,0.1542,0.0337,-0.0429,8.40,13.01,0.4951,-0.5049,0.0160,-0.2488,-0.2215,0.1890,0.0511,-0.0637
2026-08-20 11:18:45,WDC,Nasdaq 100,473.08,470.00,0.7670,24.65,20.05,0.5492,-0.4508,0.0079,-1.4536,-1.3892,0.2594,0.0457,-0.0444,31.73,25.86,0.5524,-0.4476,0.0054,-1.0566,-0.9924,0.3664,0.0884,-0.0915,36.70,37.20,0.5562,-0.4438,0.0047,-0.8143,-0.7501,0.4482,0.1311,-0.1385
2026-08-20 11:18:45,WFC,S&P 500,85.19,85.00,0.2878,1.46,1.12,0.5398,-0.4602,0.1169,-0.1024,-0.0907,0.0468,0.0085,-0.0078,1.93,1.47,0.5414,-0.4586,0.0865,-0.0710,-0.0594,0.0662,0.0169,-0.0156,2.16,1.72,0.5446,-0.4554,0.0730,-0.0573,-0.0457,0.0810,0.0253,-0.0234
2026-08-20 11:18:45,WMT,Dow 30 / Nasdaq 100 / S&P 500,103.61,105.00,0.2649,1.12,2.51,0.3744,-0.6256,0.0997,-0.1081,-0.0937,0.0544,0.0073,-0.0129,1.38,2.71,0.4170,-0.5830,0.0769,-0.0764,-0.0621,0.0792,0.0160,-0.0242,1.70,3.23,0.4439,-0.5561,0.0624,-0.0656,-0.0512,0.0982,0.0253,-0.0349
2026-08-20 11:18:45,XEL,Nasdaq 100,79.88,80.00,0.3643,0.17,0.72,0.5058,-0.4942,0.0990,-0.1201,-0.1092,0.0441,0.0074,-0.0079,0.17,0.72,0.5166,-0.4834,0.0699,-0.0865,-0.0755,0.0624,0.0149,-0.0157,1.75,2.64,0.5210,-0.4790,0.1020,-0.0425,-0.0316,0.0763,0.0230,-0.0229
2026-08-20 11:18:45,XOM,S&P 500,167.91,170.00,0.2726,1.87,3.64,0.3887,-0.6113,0.0605,-0.1823,-0.1590,0.0891,0.0122,-0.0204,3.10,3.66,0.4392,-0.5608,0.0409,-0.1453,-0.1221,0.1297,0.0271,-0.0380,3.74,5.35,0.4588,-0.5412,0.0344,-0.1190,-0.0958,0.1598,0.0421,-0.0554
2026-08-20 11:18:45,ZS,Nasdaq 100,177.46,175.00,0.6689,8.89,3.50,0.5821,-0.4179,0.0238,-0.4716,-0.4476,0.0960,0.0183,-0.0152,16.22,8.30,0.5709,-0.4291,0.0115,-0.4898,-0.4659,0.1365,0.0331,-0.0339,19.90,11.39,0.5734,-0.4266,0.0106,-0.3578,-0.3339,0.1669,0.0492,-0.0512
